"ID","Description","GeneRatio","BgRatio","RichFactor","FoldEnrichment","zScore","pvalue","p.adjust","qvalue","geneID","Count"
"GO:1902850","microtubule cytoskeleton organization involved in mitosis","30/768","170/18860",0.176470588235294,4.33363970588235,8.99570325925264,1.02712292841234e-11,4.81491659044551e-08,4.10604480413213e-08,"MYBL2/BIRC5/PLK1/CCNB1/UHRF1/CDC20/FGF10/PAX6/STIL/CDCA8/TPX2/TACC2/TACC1/AURKB/AURKA/CHEK2/CEP126/NUF2/TACC3/INCENP/PSRC1/NEK2/CENPA/SBDS/DLGAP5/STMN1/PRC1/ESPL1/KIF4A/POC1A",30
"GO:0044772","mitotic cell cycle phase transition","52/768","461/18860",0.112798264642082,2.77001988430947,7.92735211424622,2.95512311921417e-11,4.81491659044551e-08,4.10604480413213e-08,"BIRC5/PLK1/FHL1/PKMYT1/E2F1/CCNB1/RRM2/CDKN2A/CLSPN/EGFR/CDC20/IQGAP3/FOXM1/FGF10/STIL/CDCA8/DTL/SPC24/CENPF/CDC6/UBE2C/INHBA/E2F3/KANK2/CCNO/AURKB/AURKA/CHEK2/CDC25A/EIF4EBP1/KIF14/EZH2/NUF2/KLF4/TACC3/TICRR/PTPN6/NES/INCENP/KNL1/CCNB2/CCNA2/CCNE1/UBE2S/MELK/BUB1/DUSP1/TRIP13/DLGAP5/ESPL1/FAM107A/MUC1",52
"GO:0007059","chromosome segregation","50/768","434/18860",0.115207373271889,2.82918106758833,7.94296556509918,3.3479172759661e-11,4.81491659044551e-08,4.10604480413213e-08,"MYBL2/BIRC5/PLK1/CCNB1/UHRF1/CDC20/KIF18B/STIL/KIF2C/CENPN/STARD9/CDCA8/TPX2/SPC24/CENPF/CDC6/UBE2C/AURKB/AURKA/TOP2A/CHEK2/ASPM/KIF14/CENPM/ESCO2/SUN1/CDCA2/NUF2/ECT2/TACC3/INCENP/KNL1/PSRC1/NCAPH/HJURP/CCNB2/CCNE1/NEK2/SAC3D1/BUB1/DUSP1/TRIP13/DLGAP5/CDT1/PRC1/MKI67/P3H4/ESPL1/CENPI/KIF4A",50
"GO:0007052","mitotic spindle organization","26/768","137/18860",0.18978102189781,4.66050790754258,8.85952759176875,4.58873348713182e-11,4.81491659044551e-08,4.10604480413213e-08,"MYBL2/BIRC5/PLK1/CCNB1/UHRF1/CDC20/STIL/CDCA8/TPX2/TACC2/TACC1/AURKB/AURKA/CHEK2/CEP126/NUF2/TACC3/INCENP/PSRC1/NEK2/SBDS/DLGAP5/STMN1/PRC1/KIF4A/POC1A",26
"GO:0000070","mitotic sister chromatid segregation","31/768","192/18860",0.161458333333333,3.96497938368056,8.50785436019859,5.00095200503272e-11,4.81491659044551e-08,4.10604480413213e-08,"MYBL2/BIRC5/PLK1/CCNB1/UHRF1/CDC20/KIF18B/KIF2C/CDCA8/TPX2/SPC24/CENPF/UBE2C/AURKB/CHEK2/KIF14/NUF2/INCENP/KNL1/PSRC1/NCAPH/NEK2/BUB1/DUSP1/TRIP13/DLGAP5/CDT1/PRC1/ESPL1/CENPI/KIF4A",31
"GO:0000819","sister chromatid segregation","34/768","233/18860",0.145922746781116,3.58346745350501,8.17534612333404,1.00803629096676e-10,7.29898828175341e-08,6.22440126360359e-08,"MYBL2/BIRC5/PLK1/CCNB1/UHRF1/CDC20/KIF18B/KIF2C/CDCA8/TPX2/SPC24/CENPF/CDC6/UBE2C/AURKB/TOP2A/CHEK2/KIF14/NUF2/TACC3/INCENP/KNL1/PSRC1/NCAPH/NEK2/BUB1/DUSP1/TRIP13/DLGAP5/CDT1/PRC1/ESPL1/CENPI/KIF4A",34
"GO:0098813","nuclear chromosome segregation","41/768","323/18860",0.126934984520124,3.1171794375645,7.90743907251615,1.06134021546061e-10,7.29898828175341e-08,6.22440126360359e-08,"MYBL2/BIRC5/PLK1/CCNB1/UHRF1/CDC20/KIF18B/KIF2C/CDCA8/TPX2/SPC24/CENPF/CDC6/UBE2C/AURKB/AURKA/TOP2A/CHEK2/ASPM/KIF14/SUN1/NUF2/ECT2/TACC3/INCENP/KNL1/PSRC1/NCAPH/CCNB2/CCNE1/NEK2/BUB1/DUSP1/TRIP13/DLGAP5/CDT1/PRC1/P3H4/ESPL1/CENPI/KIF4A",41
"GO:0010965","regulation of mitotic sister chromatid separation","17/768","61/18860",0.278688524590164,6.84383538251366,9.41872610586441,1.95215824940076e-10,1.17471122657691e-07,1.00176541745565e-07,"BIRC5/PLK1/CCNB1/CDC20/CDCA8/SPC24/CENPF/UBE2C/AURKB/NUF2/INCENP/KNL1/BUB1/DUSP1/TRIP13/DLGAP5/ESPL1",17
"GO:0140014","mitotic nuclear division","37/768","281/18860",0.131672597864769,3.23352239027284,7.77193131437308,3.07574488249419e-10,1.645181762703e-07,1.40297134990963e-07,"MYBL2/BIRC5/PLK1/PKMYT1/CCNB1/UHRF1/CDC20/KIF18B/IGF1/KIF2C/CDCA8/TPX2/SPC24/CENPF/UBE2C/AURKB/AURKA/CHEK2/KIF14/CDCA2/NUF2/INCENP/KNL1/PSRC1/NCAPH/NEK2/UBE2S/BUB1/DUSP1/TRIP13/DLGAP5/CDT1/PRC1/MKI67/ESPL1/CENPI/KIF4A",37
"GO:0007088","regulation of mitotic nuclear division","23/768","119/18860",0.19327731092437,4.74636729691877,8.44664233547523,4.12620817079254e-10,1.79635983021669e-07,1.53189236171804e-07,"BIRC5/PLK1/PKMYT1/CCNB1/CDC20/IGF1/CDCA8/SPC24/CENPF/UBE2C/AURKB/AURKA/CDCA2/NUF2/INCENP/KNL1/NEK2/BUB1/DUSP1/TRIP13/DLGAP5/MKI67/ESPL1",23
"GO:0051306","mitotic sister chromatid separation","17/768","64/18860",0.265625,6.52303059895833,9.11866726589193,4.47258141646595e-10,1.79635983021669e-07,1.53189236171804e-07,"BIRC5/PLK1/CCNB1/CDC20/CDCA8/SPC24/CENPF/UBE2C/AURKB/NUF2/INCENP/KNL1/BUB1/DUSP1/TRIP13/DLGAP5/ESPL1",17
"GO:0007051","spindle organization","31/768","209/18860",0.148325358851675,3.64246909888357,7.91459415699602,4.4778392111758e-10,1.79635983021669e-07,1.53189236171804e-07,"MYBL2/BIRC5/PLK1/CCNB1/UHRF1/CDC20/STIL/STARD9/CDCA8/TPX2/TACC2/TACC1/AURKB/AURKA/CHEK2/ASPM/CEP126/NUF2/TACC3/INCENP/PSRC1/CCNB2/NEK2/SAC3D1/SBDS/DLGAP5/STMN1/PRC1/ESPL1/KIF4A/POC1A",31
"GO:1905818","regulation of chromosome separation","18/768","76/18860",0.236842105263158,5.81620065789474,8.66790174591739,1.05836585737053e-09,3.91921018260133e-07,3.34220797064378e-07,"BIRC5/PLK1/CCNB1/CDC20/CDCA8/SPC24/CENPF/UBE2C/AURKB/NUF2/INCENP/KNL1/NCAPH/BUB1/DUSP1/TRIP13/DLGAP5/ESPL1",18
"GO:0008544","epidermis development","44/768","402/18860",0.109452736318408,2.6878627694859,7.04781491113188,2.60963139615791e-09,8.97340395793156e-07,7.65230259023749e-07,"CERS3/DSC1/TP63/CDKN2A/COL17A1/EGFR/FLG/FLG2/KRT77/FGF10/KRT6B/SVEP1/SPINK5/PAX6/IGFBP5/LHFPL5/PPL/INHBA/LSR/COL7A1/KRT10/KRT5/KRTDAP/SLC39A2/LORICRIN/KRT79/OVOL1/FOXN1/TGM1/EZH2/ALDH3A2/ALOX12B/EPHA2/KLF4/LDB2/SOSTDC1/DCT/DKK1/CSTA/KRT17/KRT4/POU3F1/STMN1/YAP1",44
"GO:0007094","mitotic spindle assembly checkpoint signaling","14/768","48/18860",0.291666666666667,7.16254340277778,8.80764446717664,4.07803895795341e-09,1.13116578044275e-06,9.64630910661171e-07,"BIRC5/PLK1/CCNB1/CDC20/CDCA8/SPC24/CENPF/AURKB/NUF2/INCENP/KNL1/BUB1/DUSP1/TRIP13",14
"GO:0071173","spindle assembly checkpoint signaling","14/768","48/18860",0.291666666666667,7.16254340277778,8.80764446717664,4.07803895795341e-09,1.13116578044275e-06,9.64630910661171e-07,"BIRC5/PLK1/CCNB1/CDC20/CDCA8/SPC24/CENPF/AURKB/NUF2/INCENP/KNL1/BUB1/DUSP1/TRIP13",14
"GO:0071174","mitotic spindle checkpoint signaling","14/768","48/18860",0.291666666666667,7.16254340277778,8.80764446717664,4.07803895795341e-09,1.13116578044275e-06,9.64630910661171e-07,"BIRC5/PLK1/CCNB1/CDC20/CDCA8/SPC24/CENPF/AURKB/NUF2/INCENP/KNL1/BUB1/DUSP1/TRIP13",14
"GO:0000280","nuclear division","47/768","453/18860",0.103752759381898,2.54788677336277,6.87058053741092,4.22953553136052e-09,1.13116578044275e-06,9.64630910661171e-07,"MYBL2/BIRC5/PLK1/PKMYT1/CCNB1/UHRF1/CDC20/WNT4/KIF18B/IGF1/KIF2C/CDCA8/TPX2/SPC24/CENPF/UBE2C/AURKB/AURKA/TOP2A/CHEK2/ASPM/FANCA/KIF14/SUN1/CDCA2/NUF2/BRME1/INCENP/KNL1/PSRC1/NCAPH/CCNB2/CCNE1/NEK2/UBE2S/BUB1/ZNF541/DUSP1/TRIP13/DLGAP5/CDT1/PRC1/MKI67/P3H4/ESPL1/CENPI/KIF4A",47
"GO:0051304","chromosome separation","18/768","83/18860",0.216867469879518,5.32567771084337,8.1372330158969,4.82862570688042e-09,1.22342127120644e-06,1.04330416935366e-06,"BIRC5/PLK1/CCNB1/CDC20/CDCA8/SPC24/CENPF/UBE2C/AURKB/NUF2/INCENP/KNL1/NCAPH/BUB1/DUSP1/TRIP13/DLGAP5/ESPL1",18
"GO:0031577","spindle checkpoint signaling","14/768","49/18860",0.285714285714286,7.01636904761905,8.68806811823562,5.49705813410919e-09,1.32314189288008e-06,1.1283435117382e-06,"BIRC5/PLK1/CCNB1/CDC20/CDCA8/SPC24/CENPF/AURKB/NUF2/INCENP/KNL1/BUB1/DUSP1/TRIP13",14
"GO:0051783","regulation of nuclear division","24/768","147/18860",0.163265306122449,4.0093537414966,7.5466959017677,6.05714665815321e-09,1.32811884414096e-06,1.13258773580341e-06,"BIRC5/PLK1/PKMYT1/CCNB1/CDC20/WNT4/IGF1/CDCA8/SPC24/CENPF/UBE2C/AURKB/AURKA/CDCA2/NUF2/INCENP/KNL1/NEK2/BUB1/DUSP1/TRIP13/DLGAP5/MKI67/ESPL1",24
"GO:1901990","regulation of mitotic cell cycle phase transition","40/768","357/18860",0.112044817927171,2.7515172735761,6.88373446032339,7.17284264576125e-09,1.32811884414096e-06,1.13258773580341e-06,"BIRC5/PLK1/FHL1/PKMYT1/E2F1/CCNB1/RRM2/CDKN2A/CLSPN/EGFR/CDC20/FGF10/STIL/CDCA8/DTL/SPC24/CENPF/CDC6/UBE2C/INHBA/KANK2/AURKB/AURKA/CDC25A/KIF14/EZH2/NUF2/KLF4/TICRR/PTPN6/INCENP/KNL1/CCNE1/BUB1/DUSP1/TRIP13/DLGAP5/ESPL1/FAM107A/MUC1",40
"GO:0033046","negative regulation of sister chromatid segregation","14/768","50/18860",0.28,6.87604166666667,8.57180182420371,7.35108301601687e-09,1.32811884414096e-06,1.13258773580341e-06,"BIRC5/PLK1/CCNB1/CDC20/CDCA8/SPC24/CENPF/AURKB/NUF2/INCENP/KNL1/BUB1/DUSP1/TRIP13",14
"GO:0033048","negative regulation of mitotic sister chromatid segregation","14/768","50/18860",0.28,6.87604166666667,8.57180182420371,7.35108301601687e-09,1.32811884414096e-06,1.13258773580341e-06,"BIRC5/PLK1/CCNB1/CDC20/CDCA8/SPC24/CENPF/AURKB/NUF2/INCENP/KNL1/BUB1/DUSP1/TRIP13",14
"GO:0045841","negative regulation of mitotic metaphase/anaphase transition","14/768","50/18860",0.28,6.87604166666667,8.57180182420371,7.35108301601687e-09,1.32811884414096e-06,1.13258773580341e-06,"BIRC5/PLK1/CCNB1/CDC20/CDCA8/SPC24/CENPF/AURKB/NUF2/INCENP/KNL1/BUB1/DUSP1/TRIP13",14
"GO:2000816","negative regulation of mitotic sister chromatid separation","14/768","50/18860",0.28,6.87604166666667,8.57180182420371,7.35108301601687e-09,1.32811884414096e-06,1.13258773580341e-06,"BIRC5/PLK1/CCNB1/CDC20/CDCA8/SPC24/CENPF/AURKB/NUF2/INCENP/KNL1/BUB1/DUSP1/TRIP13",14
"GO:0043588","skin development","38/768","329/18860",0.115501519756839,2.83640450861196,6.92330591725035,7.44894241624553e-09,1.32811884414096e-06,1.13258773580341e-06,"CERS3/DSC1/TP63/CDKN2A/EGFR/FLG/FLG2/KRT77/FGF10/KRT6B/SPINK5/PAX6/IGFBP5/PPL/INHBA/LSR/KRT10/KRT5/SLC39A2/LORICRIN/KRT79/OVOL1/FOXN1/TGM1/EZH2/ALOX12B/EPHA2/KLF4/LDB2/SOSTDC1/DKK1/CSTA/KRT17/KRT4/POU3F1/ARRDC3/STMN1/YAP1",38
"GO:0007091","metaphase/anaphase transition of mitotic cell cycle","19/768","96/18860",0.197916666666667,4.86029730902778,7.8125050160421,9.07557466954003e-09,1.56035058782735e-06,1.33062936884234e-06,"BIRC5/PLK1/CCNB1/CDC20/CDCA8/SPC24/CENPF/CDC6/UBE2C/AURKB/NUF2/TACC3/INCENP/KNL1/BUB1/DUSP1/TRIP13/DLGAP5/ESPL1",19
"GO:1902100","negative regulation of metaphase/anaphase transition of cell cycle","14/768","52/18860",0.269230769230769,6.61157852564103,8.34856934944202,1.28544733255328e-08,2.06271448630383e-06,1.75903319191501e-06,"BIRC5/PLK1/CCNB1/CDC20/CDCA8/SPC24/CENPF/AURKB/NUF2/INCENP/KNL1/BUB1/DUSP1/TRIP13",14
"GO:1905819","negative regulation of chromosome separation","14/768","52/18860",0.269230769230769,6.61157852564103,8.34856934944202,1.28544733255328e-08,2.06271448630383e-06,1.75903319191501e-06,"BIRC5/PLK1/CCNB1/CDC20/CDCA8/SPC24/CENPF/AURKB/NUF2/INCENP/KNL1/BUB1/DUSP1/TRIP13",14
"GO:0044784","metaphase/anaphase transition of cell cycle","19/768","99/18860",0.191919191919192,4.71301557239057,7.63155479748205,1.54450960494092e-08,2.3984739478018e-06,2.04536076715435e-06,"BIRC5/PLK1/CCNB1/CDC20/CDCA8/SPC24/CENPF/CDC6/UBE2C/AURKB/NUF2/TACC3/INCENP/KNL1/BUB1/DUSP1/TRIP13/DLGAP5/ESPL1",19
"GO:0051985","negative regulation of chromosome segregation","14/768","53/18860",0.264150943396226,6.48683176100629,8.24131410989955,1.68200332180791e-08,2.53036374724478e-06,2.15783320889831e-06,"BIRC5/PLK1/CCNB1/CDC20/CDCA8/SPC24/CENPF/AURKB/NUF2/INCENP/KNL1/BUB1/DUSP1/TRIP13",14
"GO:0030071","regulation of mitotic metaphase/anaphase transition","18/768","92/18860",0.195652173913043,4.8046875,7.53703546099524,2.6903119847885e-08,3.92459451356722e-06,3.34679959830148e-06,"BIRC5/PLK1/CCNB1/CDC20/CDCA8/SPC24/CENPF/CDC6/UBE2C/AURKB/NUF2/INCENP/KNL1/BUB1/DUSP1/TRIP13/DLGAP5/ESPL1",18
"GO:1901987","regulation of cell cycle phase transition","46/768","468/18860",0.0982905982905983,2.41375089031339,6.38084198021376,3.28280193201202e-08,4.64806132373702e-06,3.96375465475136e-06,"BIRC5/PLK1/FHL1/PKMYT1/E2F1/TP63/CCNB1/RRM2/CDKN2A/CLSPN/EGFR/CDC20/FGF10/STIL/CDCA8/DTL/SPC24/CENPF/CDC6/UBE2C/INHBA/KANK2/AURKB/AURKA/CHEK2/CDC25A/DTX3L/OVOL1/KIF14/EZH2/NUF2/KLF4/TICRR/PTPN6/INCENP/KNL1/CCNE1/TIMELESS/BUB1/DUSP1/TRIP13/DLGAP5/CDT1/ESPL1/FAM107A/MUC1",46
"GO:1902099","regulation of metaphase/anaphase transition of cell cycle","18/768","95/18860",0.189473684210526,4.65296052631579,7.35409351844191,4.53920439872668e-08,6.02088936717162e-06,5.13446931799124e-06,"BIRC5/PLK1/CCNB1/CDC20/CDCA8/SPC24/CENPF/CDC6/UBE2C/AURKB/NUF2/INCENP/KNL1/BUB1/DUSP1/TRIP13/DLGAP5/ESPL1",18
"GO:0033047","regulation of mitotic sister chromatid segregation","14/768","57/18860",0.245614035087719,6.03161549707602,7.83840955655391,4.6276050391639e-08,6.02088936717162e-06,5.13446931799124e-06,"BIRC5/PLK1/CCNB1/CDC20/CDCA8/SPC24/CENPF/AURKB/NUF2/INCENP/KNL1/BUB1/DUSP1/TRIP13",14
"GO:0045839","negative regulation of mitotic nuclear division","14/768","57/18860",0.245614035087719,6.03161549707602,7.83840955655391,4.6276050391639e-08,6.02088936717162e-06,5.13446931799124e-06,"BIRC5/PLK1/CCNB1/CDC20/CDCA8/SPC24/CENPF/AURKB/NUF2/INCENP/KNL1/BUB1/DUSP1/TRIP13",14
"GO:0033045","regulation of sister chromatid segregation","19/768","107/18860",0.177570093457944,4.36064057632399,7.18249329952397,5.76592179705637e-08,7.30451250816562e-06,6.22911219072572e-06,"BIRC5/PLK1/CCNB1/CDC20/CDCA8/SPC24/CENPF/CDC6/UBE2C/AURKB/NUF2/TACC3/INCENP/KNL1/BUB1/DUSP1/TRIP13/DLGAP5/ESPL1",19
"GO:1901991","negative regulation of mitotic cell cycle phase transition","26/768","193/18860",0.134715025906736,3.30823618307427,6.64076766319054,8.47218114259532e-08,1.04577128257574e-05,8.91808541325823e-06,"BIRC5/PLK1/FHL1/PKMYT1/CCNB1/CLSPN/CDC20/CDCA8/DTL/SPC24/CENPF/CDC6/INHBA/KANK2/AURKB/EZH2/NUF2/KLF4/TICRR/INCENP/KNL1/BUB1/DUSP1/TRIP13/FAM107A/MUC1",26
"GO:1901988","negative regulation of cell cycle phase transition","32/768","274/18860",0.116788321167883,2.86800486618005,6.41736836384506,8.8345716230001e-08,1.06324069482806e-05,9.06706034992116e-06,"BIRC5/PLK1/FHL1/PKMYT1/E2F1/CCNB1/CLSPN/CDC20/CDCA8/DTL/SPC24/CENPF/CDC6/INHBA/KANK2/AURKB/CHEK2/DTX3L/OVOL1/EZH2/NUF2/KLF4/TICRR/INCENP/KNL1/TIMELESS/BUB1/DUSP1/TRIP13/CDT1/FAM107A/MUC1",32
"GO:0051983","regulation of chromosome segregation","21/768","134/18860",0.156716417910448,3.84853078358209,6.81785024336204,1.10884653134e-07,1.27218431584452e-05,1.08488811838139e-05,"BIRC5/PLK1/CCNB1/CDC20/KIF2C/CDCA8/SPC24/CENPF/CDC6/UBE2C/AURKB/NUF2/TACC3/INCENP/KNL1/NCAPH/BUB1/DUSP1/TRIP13/DLGAP5/ESPL1",21
"GO:0045787","positive regulation of cell cycle","37/768","349/18860",0.106017191977077,2.60349510506208,6.22962726303059,1.10992399803635e-07,1.27218431584452e-05,1.08488811838139e-05,"BIRC5/TP63/CCNB1/RRM2/EGFR/CDC20/WNT4/IGF1/FGF10/STIL/CDCA8/DTL/CDC6/SVIL/UBE2C/AURKB/AURKA/MEIS2/CHEK2/CDC25A/EIF4EBP1/OVOL1/KIF14/CITED2/USP2/TGM1/EZH2/ECT2/INCENP/KNL1/NCAPH/CCNE1/BUB1/DLGAP5/DDX11/ESPL1/POC1A",37
"GO:0051784","negative regulation of nuclear division","14/768","64/18860",0.21875,5.37190755208333,7.21813315541053,2.20892733198456e-07,2.47297120376132e-05,2.10889023127045e-05,"BIRC5/PLK1/CCNB1/CDC20/CDCA8/SPC24/CENPF/AURKB/NUF2/INCENP/KNL1/BUB1/DUSP1/TRIP13",14
"GO:0010948","negative regulation of cell cycle process","34/768","318/18860",0.106918238993711,2.62562237945493,6.02353713083195,2.97167221990467e-07,3.2512795605957e-05,2.77261283675316e-05,"BIRC5/PLK1/FHL1/PKMYT1/E2F1/CCNB1/CLSPN/CDC20/CDCA8/DTL/SPC24/CENPF/CDC6/INHBA/KANK2/AURKB/CHEK2/DTX3L/OVOL1/EZH2/NUF2/KLF4/TICRR/INCENP/KNL1/TIMELESS/NEK2/BUB1/DUSP1/TRIP13/CDT1/ESPL1/FAM107A/MUC1",34
"GO:2001251","negative regulation of chromosome organization","17/768","97/18860",0.175257731958763,4.30385524054983,6.72128620547769,3.47890070687439e-07,3.72165066730962e-05,3.1737339782012e-05,"BIRC5/PLK1/CCNB1/CDC20/CDCA8/SPC24/CENPF/AURKB/PIF1/NUF2/INCENP/KNL1/BUB1/DUSP1/TRIP13/PARP1/ESPL1",17
"GO:0090068","positive regulation of cell cycle process","31/768","278/18860",0.111510791366906,2.73840302757794,6.01621420154198,3.94489035034338e-07,4.12841351012022e-05,3.52061152547807e-05,"BIRC5/TP63/CCNB1/RRM2/EGFR/CDC20/WNT4/IGF1/FGF10/STIL/CDCA8/DTL/CDC6/SVIL/UBE2C/AURKB/AURKA/CHEK2/CDC25A/KIF14/EZH2/ECT2/INCENP/KNL1/NCAPH/CCNE1/BUB1/DLGAP5/DDX11/ESPL1/POC1A",31
"GO:0003012","muscle system process","44/768","485/18860",0.0907216494845361,2.22787800687285,5.64428671583092,6.24563809370373e-07,6.37400343395239e-05,5.4355964822807e-05,"DES/MYOCD/SCN7A/ATP1A2/MYOC/CACNA1G/PPP1R12B/LMOD1/IGF1/ADGRD1/CNN1/GSTM2/ADRA1A/MEIS1/IGFBP5/FXYD1/MYLK/MYOF/JPH2/MYL9/RYR3/PRKG1/AKAP6/GATM/TNNT1/COL14A1/EZH2/IRAG1/CAV1/KLF4/ANK2/ACACB/CACNB2/SSPN/BDKRB2/SNTB1/TPM2/PLN/SCN4B/PARP1/NKX2-5/PVALEF/TPM1/TACR2",44
"GO:0007093","mitotic cell cycle checkpoint signaling","20/768","136/18860",0.147058823529412,3.61136642156863,6.29701320601659,6.35546665620512e-07,6.37400343395239e-05,5.4355964822807e-05,"BIRC5/PLK1/CCNB1/CLSPN/CDC20/CDCA8/DTL/SPC24/CENPF/CDC6/AURKB/CHEK2/NUF2/TICRR/INCENP/KNL1/BUB1/DUSP1/TRIP13/MUC1",20
"GO:0000075","cell cycle checkpoint signaling","24/768","187/18860",0.128342245989305,3.15173796791444,6.09255963122086,6.534036714062e-07,6.41935770234581e-05,5.47427350909598e-05,"BIRC5/PLK1/E2F1/CCNB1/CLSPN/CDC20/CDCA8/DTL/SPC24/CENPF/CDC6/AURKB/CHEK2/DTX3L/NUF2/TICRR/INCENP/KNL1/TIMELESS/BUB1/DUSP1/TRIP13/CDT1/MUC1",24
"GO:0045930","negative regulation of mitotic cell cycle","28/768","244/18860",0.114754098360656,2.81804986338798,5.88917105855694,8.03196624280264e-07,7.73317709857038e-05,6.59466702040638e-05,"BIRC5/PLK1/FHL1/PKMYT1/CCNB1/CLSPN/CDC20/CDCA8/DTL/SPC24/CENPF/CDC6/INHBA/KANK2/AURKB/CHEK2/OVOL1/EZH2/NUF2/KLF4/TICRR/INCENP/KNL1/BUB1/DUSP1/TRIP13/FAM107A/MUC1",28
"GO:1901970","positive regulation of mitotic sister chromatid separation","8/768","22/18860",0.363636363636364,8.92992424242424,7.66760325758011,1.40250371017051e-06,0.000132385350210997,0.000112895035493601,"BIRC5/CDC20/CDCA8/UBE2C/AURKB/INCENP/DLGAP5/ESPL1",8
"GO:0030900","forebrain development","39/768","419/18860",0.0930787589498807,2.28576223150358,5.48367986307454,1.45002553480947e-06,0.000134238902395631,0.000114475700116537,"ATP1A2/E2F1/SLIT2/EGFR/SEMA3G/WNT4/FBXO41/ALDH1A2/FGF10/PITX1/PAX6/STIL/FAT4/SEMA5A/INHBA/TACC2/CXCL12/TACC1/IGF2BP1/NTRK2/ASPM/PRKG1/CDH2/KIF14/RAC3/EZH2/SUN1/LPAR1/TACC3/RELN/ZIC1/FILIP1/DCT/DKK1/PAX5/POU3F1/DLC1/ERBB4/GLI3",39
"GO:0008608","attachment of spindle microtubules to kinetochore","12/768","55/18860",0.218181818181818,5.35795454545455,6.66843654248224,1.66896117274807e-06,0.000151592058219042,0.000129274053102631,"BIRC5/CCNB1/KIF2C/CDCA8/SPC24/AURKB/NUF2/ECT2/INCENP/KNL1/NEK2/CDT1",12
"GO:0051256","mitotic spindle midzone assembly","6/768","11/18860",0.545454545454545,13.3948863636364,8.47210609231122,1.73361949786413e-06,0.00015454896782811,0.000131795634340548,"BIRC5/CDCA8/AURKB/INCENP/PRC1/KIF4A",6
"GO:0000086","G2/M transition of mitotic cell cycle","20/768","145/18860",0.137931034482759,3.38721264367816,5.94534200125089,1.78547216124784e-06,0.000156277508804492,0.000133269692418499,"BIRC5/PLK1/FHL1/PKMYT1/CCNB1/CLSPN/CDC20/FOXM1/DTL/CENPF/CDC6/AURKB/AURKA/CHEK2/CDC25A/KIF14/TICRR/NES/CCNA2/MELK",20
"GO:0044839","cell cycle G2/M phase transition","21/768","162/18860",0.12962962962963,3.18335262345679,5.75016706191215,2.74993128694822e-06,0.00023639587884587,0.000201592707125903,"BIRC5/PLK1/FHL1/PKMYT1/CCNB1/CLSPN/CDC20/FOXM1/DTL/CENPF/CDC6/AURKB/AURKA/CHEK2/CDC25A/KIF14/TICRR/NES/CCNB2/CCNA2/MELK",21
"GO:0010639","negative regulation of organelle organization","35/768","367/18860",0.0953678474114441,2.341976044505,5.34897738054243,2.90046186909385e-06,0.000244961814698558,0.000208897530738061,"BIRC5/PLK1/PLEKHH2/CCNB1/MYOC/IFI6/SLIT2/CDC20/LMOD1/IGF1/PIK3R1/CDCA8/TPX2/SPC24/CENPF/ARHGAP6/SVIL/KANK2/AURKB/CYRIB/PIF1/NUF2/LPAR1/INCENP/KNL1/RHPN1/BUB1/DUSP1/TRIP13/PARP1/DLC1/CARMIL2/STMN1/ESPL1/YAP1",35
"GO:0051225","spindle assembly","19/768","137/18860",0.138686131386861,3.40575577858881,5.82265091015016,2.96472117522426e-06,0.000246071857543614,0.000209844148518596,"MYBL2/BIRC5/PLK1/UHRF1/CDC20/STIL/STARD9/CDCA8/TPX2/AURKB/AURKA/CHEK2/ASPM/INCENP/CCNB2/NEK2/SAC3D1/PRC1/KIF4A",19
"GO:0031589","cell-substrate adhesion","35/768","369/18860",0.0948509485094851,2.32928240740741,5.31308656171743,3.27774591406152e-06,0.000265078536073157,0.000226052585810096,"SORBS1/ITGA8/ITGA7/MYOC/FAT2/CDKN2A/ONECUT2/COL17A1/WNT4/LYVE1/CD34/SVEP1/LIMS2/PIK3R1/ARHGAP6/PLPP3/MSLN/FREM1/COL8A1/KIF14/RAC3/ITGAX/EGFLAM/CEACAM6/ITGAD/VWC2/FER/CDH13/PARVA/ACVRL1/DLC1/MSLNL/PLAU/CSPG5/FAM107A",35
"GO:0000022","mitotic spindle elongation","6/768","12/18860",0.5,12.2786458333333,8.05214517926213,3.34755388779836e-06,0.000265078536073157,0.000226052585810096,"BIRC5/CDCA8/AURKB/INCENP/PRC1/KIF4A",6
"GO:0060443","mammary gland morphogenesis","11/768","49/18860",0.224489795918367,5.51286139455782,6.51689530574767,3.35890957633206e-06,0.000265078536073157,0.000226052585810096,"CDKN2A/WNT4/AREG/FGF10/ESR1/IGFBP5/PGR/CAV1/EPHA2/SOSTDC1/GLI3",11
"GO:0030216","keratinocyte differentiation","22/768","180/18860",0.122222222222222,3.00144675925926,5.55889549061582,4.2881858114448e-06,0.000332956878972504,0.000283937600418247,"CERS3/TP63/CDKN2A/FLG/KRT77/KRT6B/PAX6/PPL/KRT10/KRT5/SLC39A2/LORICRIN/KRT79/FOXN1/TGM1/EZH2/EPHA2/CSTA/KRT17/KRT4/POU3F1/YAP1",22
"GO:1905820","positive regulation of chromosome separation","9/768","33/18860",0.272727272727273,6.69744318181818,6.74905647419977,4.69728977940488e-06,0.000358932587270716,0.000306089058307085,"BIRC5/CDC20/CDCA8/UBE2C/AURKB/INCENP/NCAPH/DLGAP5/ESPL1",9
"GO:0045786","negative regulation of cell cycle","36/768","399/18860",0.0902255639097744,2.2156954887218,5.05685257399912,7.38991529483868e-06,0.000555860191083647,0.000474024171872876,"BIRC5/PLK1/FHL1/PKMYT1/E2F1/CCNB1/CDKN2A/CLSPN/CDC20/CDCA8/DTL/SPC24/CENPF/CDC6/INHBA/KANK2/AURKB/CHEK2/DTX3L/OVOL1/EZH2/NUF2/KLF4/TICRR/INCENP/KNL1/TIMELESS/NEK2/BUB1/DUSP1/TRIP13/CDT1/HOXC9/ESPL1/FAM107A/MUC1",36
"GO:0033044","regulation of chromosome organization","26/768","244/18860",0.10655737704918,2.61676058743169,5.2371388991361,7.74224669439453e-06,0.000573402701335619,0.000488984001751233,"BIRC5/PLK1/CCNB1/CDC20/CDCA8/SPC24/CENPF/CDC6/UBE2C/AURKB/PIF1/NUF2/KLF4/TACC3/INCENP/KNL1/NCAPH/NEK2/SMG5/BUB1/DUSP1/TRIP13/DLGAP5/PARP1/DDX11/ESPL1",26
"GO:0051146","striated muscle cell differentiation","31/768","321/18860",0.0965732087227414,2.37157645379024,5.10653173923129,8.23887627301621e-06,0.000600938642095455,0.000512465988273735,"CXCL9/MYOCD/CCNB1/FLNC/LMOD1/PGM5/IGF1/LDB3/CXCL10/ADRA1A/MEIS1/IGFBP5/HOPX/MYL9/PDGFRA/ADAMTS15/MYORG/PRKG1/AKAP6/CDH2/POPDC2/TNNT1/TBX5/COL14A1/EZH2/BARX2/DKK1/EHD2/NKX2-5/ADAMTS5/TPM1",31
"GO:0051231","spindle elongation","6/768","14/18860",0.428571428571429,10.5245535714286,7.34506602525538,1.014221049393e-05,0.000718008842908516,0.000612300633534474,"BIRC5/CDCA8/AURKB/INCENP/PRC1/KIF4A",6
"GO:0051255","spindle midzone assembly","6/768","14/18860",0.428571428571429,10.5245535714286,7.34506602525538,1.014221049393e-05,0.000718008842908516,0.000612300633534474,"BIRC5/CDCA8/AURKB/INCENP/PRC1/KIF4A",6
"GO:0090307","mitotic spindle assembly","13/768","76/18860",0.171052631578947,4.20058936403509,5.76022389993426,1.08991202534159e-05,0.000760411085506435,0.000648460243910327,"MYBL2/BIRC5/PLK1/UHRF1/CDC20/CDCA8/TPX2/AURKB/CHEK2/INCENP/NEK2/PRC1/KIF4A",13
"GO:0050000","chromosome localization","17/768","124/18860",0.137096774193548,3.36672547043011,5.44774711133745,1.13880094142645e-05,0.00078316967600385,0.000667868221287695,"BIRC5/CCNB1/KIF2C/CDCA8/SPC24/CENPF/AURKB/KIF14/SUN1/NUF2/ECT2/INCENP/KNL1/PSRC1/NEK2/DLGAP5/CDT1",17
"GO:0098773","skin epidermis development","18/768","137/18860",0.131386861313869,3.22650547445255,5.38881138420464,1.15682866926861e-05,0.000784362424487198,0.000668885368442935,"DSC1/TP63/EGFR/FLG/FLG2/FGF10/SPINK5/IGFBP5/INHBA/LSR/FOXN1/ALOX12B/KLF4/LDB2/SOSTDC1/DKK1/KRT17/STMN1",18
"GO:0042692","muscle cell differentiation","38/768","441/18860",0.0861678004535147,2.11604780801209,4.88613790646988,1.19654449570617e-05,0.000800022944767985,0.000682240282639482,"CXCL9/MYOCD/ITGA8/CCNB1/FLNC/LMOD1/PGM5/WNT4/IGF1/FGF10/LDB3/CXCL10/ADRA1A/MEIS1/IGFBP5/HOPX/MYL9/PDGFRA/LBX2/LAMA2/ADAMTS15/MYORG/PRKG1/AKAP6/CDH2/POPDC2/TNNT1/TBX5/COL14A1/EZH2/ANK2/BARX2/DKK1/SYNE1/EHD2/NKX2-5/ADAMTS5/TPM1",38
"GO:0045931","positive regulation of mitotic cell cycle","18/768","138/18860",0.130434782608696,3.203125,5.35179182910543,1.28071256851981e-05,0.00084456853491156,0.000720227688136594,"BIRC5/CCNB1/RRM2/EGFR/CDC20/FGF10/STIL/DTL/CDC6/UBE2C/AURKA/MEIS2/CDC25A/EIF4EBP1/USP2/CCNE1/DLGAP5/ESPL1",18
"GO:1901989","positive regulation of cell cycle phase transition","17/768","126/18860",0.134920634920635,3.31328538359788,5.36779447683532,1.41228621705083e-05,0.000918749439038201,0.00078348737503531,"BIRC5/TP63/CCNB1/RRM2/EGFR/CDC20/FGF10/STIL/DTL/CDC6/UBE2C/CHEK2/CDC25A/EZH2/CCNE1/DLGAP5/ESPL1",17
"GO:0009913","epidermal cell differentiation","26/768","255/18860",0.101960784313725,2.50388071895425,4.98155919249631,1.69793456231375e-05,0.00108984759773045,0.000929395760424371,"CERS3/TP63/CDKN2A/FLG/KRT77/KRT6B/SPINK5/PAX6/LHFPL5/PPL/KRT10/KRT5/SLC39A2/LORICRIN/KRT79/OVOL1/FOXN1/TGM1/EZH2/EPHA2/KLF4/CSTA/KRT17/KRT4/POU3F1/YAP1",26
"GO:0072001","renal system development","31/768","334/18860",0.092814371257485,2.27926958582834,4.86005438460487,1.81434418960821e-05,0.00114924380641762,0.000980047415439337,"SOX11/MYOCD/EPCAM/KIF26B/ITGA8/GFRA1/SLIT2/WNT4/ALDH1A2/CD34/FGF10/HOXC11/ZBTB16/CENPF/KANK2/PDGFRA/DLG5/OSR2/SIX2/OVOL1/EZH2/TIPARP/STAT1/MAGI2/SOX4/TNS2/MMP9/ERBB4/GLI3/YAP1/FOXJ1",31
"GO:0120254","olefinic compound metabolic process","20/768","169/18860",0.118343195266272,2.90618836291913,5.12849041529754,1.87179098638829e-05,0.00117023400110042,0.000997947347493416,"CYP4F12/WNT4/ALDH1A2/GSTM2/ELOVL3/CTHRC1/ABCD1/INHBA/RDH12/DGAT2/CEL/PRKG1/ALOX12B/ADH4/AWAT1/CYP4F3/DKK3/AKR1C1/HSD3B1/ADH1B",20
"GO:0051310","metaphase chromosome alignment","15/768","104/18860",0.144230769230769,3.54191706730769,5.35555625464045,2.00007190669284e-05,0.00123377254519166,0.00105213148628944,"BIRC5/CCNB1/KIF2C/CDCA8/SPC24/CENPF/AURKB/KIF14/NUF2/ECT2/INCENP/KNL1/PSRC1/NEK2/CDT1",15
"GO:0001656","metanephros development","14/768","92/18860",0.152173913043478,3.73697916666667,5.42191941786858,2.02467866784672e-05,0.00123377254519166,0.00105213148628944,"KIF26B/ITGA8/WNT4/CD34/FGF10/HOXC11/PDGFRA/DLG5/OSR2/SIX2/STAT1/GLI3/YAP1/FOXJ1",14
"GO:0006260","DNA replication","28/768","290/18860",0.096551724137931,2.37104885057471,4.84777692136776,2.23953434018794e-05,0.00134763978920809,0.00114923472720171,"TK1/TONSL/EGFR/FAM111B/MCM2/NYNRIN/EXO1/GINS1/MCM10/DTL/CDC6/PCLAF/GINS4/CHAF1B/MCM4/CDC25A/ESCO2/RECQL4/TICRR/RNASEH2A/CCNA2/CCNE1/TIMELESS/POLD1/PARP1/ACVRL1/CDT1/DDX11",28
"GO:0031032","actomyosin structure organization","23/768","215/18860",0.106976744186047,2.62705910852713,4.94353959895376,2.39794940876015e-05,0.00139944012553884,0.00119340880537062,"SORBS1/MYOC/FLNC/LMOD1/PGM5/IQGAP3/WNT4/LDB3/CNN1/PIK3R1/ARHGAP6/MYL9/PDGFRA/RAPGEF3/TNNT1/LPAR1/ECT2/RHPN1/DLC1/NKX2-5/STMN1/ARHGEF15/TPM1",23
"GO:0001822","kidney development","30/768","323/18860",0.0928792569659443,2.28086300309598,4.7838865131208,2.43331587309646e-05,0.00139944012553884,0.00119340880537062,"SOX11/EPCAM/KIF26B/ITGA8/GFRA1/SLIT2/WNT4/ALDH1A2/CD34/FGF10/HOXC11/ZBTB16/CENPF/KANK2/PDGFRA/DLG5/OSR2/SIX2/OVOL1/EZH2/TIPARP/STAT1/MAGI2/SOX4/TNS2/MMP9/ERBB4/GLI3/YAP1/FOXJ1",30
"GO:0006936","muscle contraction","33/768","372/18860",0.0887096774193548,2.17846942204301,4.72978579610344,2.48334036644781e-05,0.00139944012553884,0.00119340880537062,"DES/MYOCD/SCN7A/ATP1A2/CACNA1G/PPP1R12B/LMOD1/ADGRD1/CNN1/GSTM2/ADRA1A/FXYD1/MYLK/MYOF/JPH2/MYL9/RYR3/PRKG1/TNNT1/IRAG1/CAV1/ANK2/CACNB2/SSPN/BDKRB2/SNTB1/TPM2/PLN/SCN4B/NKX2-5/PVALEF/TPM1/TACR2",33
"GO:0051988","regulation of attachment of spindle microtubules to kinetochore","7/768","23/18860",0.304347826086957,7.47395833333333,6.40065766400875,2.50003844612256e-05,0.00139944012553884,0.00119340880537062,"BIRC5/CCNB1/CDCA8/AURKB/ECT2/INCENP/NEK2",7
"GO:0090266","regulation of mitotic cell cycle spindle assembly checkpoint","7/768","23/18860",0.304347826086957,7.47395833333333,6.40065766400875,2.50003844612256e-05,0.00139944012553884,0.00119340880537062,"BIRC5/CCNB1/CDCA8/AURKB/INCENP/KNL1/DUSP1",7
"GO:1903504","regulation of mitotic spindle checkpoint","7/768","23/18860",0.304347826086957,7.47395833333333,6.40065766400875,2.50003844612256e-05,0.00139944012553884,0.00119340880537062,"BIRC5/CCNB1/CDCA8/AURKB/INCENP/KNL1/DUSP1",7
"GO:0031016","pancreas development","13/768","82/18860",0.158536585365854,3.89322916666667,5.40955753391113,2.54302433202023e-05,0.00140247181142878,0.00119599415401837,"MNX1/ONECUT2/IGF1/ALDH1A2/NKX3-2/FGF10/PAX6/WLS/ILDR2/MEIS2/NKX2-2/CDH2/SOX4",13
"GO:0000082","G1/S transition of mitotic cell cycle","25/768","246/18860",0.101626016260163,2.49565972222222,4.86493618503927,2.5928539928783e-05,0.00140247181142878,0.00119599415401837,"FHL1/E2F1/CCNB1/RRM2/CDKN2A/EGFR/IQGAP3/FGF10/STIL/CDC6/INHBA/E2F3/KANK2/CCNO/CDC25A/EIF4EBP1/KIF14/EZH2/KLF4/PTPN6/CCNB2/CCNA2/CCNE1/FAM107A/MUC1",25
"GO:0007160","cell-matrix adhesion","25/768","246/18860",0.101626016260163,2.49565972222222,4.86493618503927,2.5928539928783e-05,0.00140247181142878,0.00119599415401837,"SORBS1/ITGA8/ITGA7/MYOC/CDKN2A/ONECUT2/COL17A1/WNT4/LYVE1/CD34/SVEP1/PIK3R1/ARHGAP6/PLPP3/MSLN/FREM1/ITGAX/CEACAM6/ITGAD/CDH13/ACVRL1/DLC1/MSLNL/PLAU/FAM107A",25
"GO:0060135","maternal process involved in female pregnancy","11/768","60/18860",0.183333333333333,4.50217013888889,5.59797032604711,2.6269999554595e-05,0.00140515308728689,0.00119828068143767,"WNT4/SPP1/ESR1/PGR/CITED2/HAVCR2/DSG1/PTGIS/TPPP3/PARP1/STC2",11
"GO:0007162","negative regulation of cell adhesion","30/768","326/18860",0.0920245398773006,2.25987346625767,4.7276770382918,2.89859326005311e-05,0.00153338768724128,0.00130763605716682,"EPCAM/MYOC/CDKN2A/IL4I1/PIK3R1/ARHGAP6/SEMA5A/ILDR2/IL20RB/CXCL12/DLG5/PRKG1/SEMA6A/CD37/HAVCR2/KLF4/PTPN6/DUSP1/CDH13/LAG3/LAPTM5/ACVRL1/DLC1/PLA2G2D/GLI3/SPN/CSK/FAM107A/MUC1/FOXJ1",30
"GO:0090231","regulation of spindle checkpoint","7/768","24/18860",0.291666666666667,7.16254340277778,6.22397617792473,3.40593148717023e-05,0.00178219067165625,0.00151980924484713,"BIRC5/CCNB1/CDCA8/AURKB/INCENP/KNL1/DUSP1",7
"GO:0044771","meiotic cell cycle phase transition","6/768","17/18860",0.352941176470588,8.66727941176471,6.51609455175051,3.7629336580361e-05,0.00194782393868664,0.00166105730235889,"PKMYT1/CDC20/CDC25A/OVOL1/KNL1/CCNB2",6
"GO:0051987","positive regulation of attachment of spindle microtubules to kinetochore","5/768","11/18860",0.454545454545455,11.1624053030303,6.94616903733194,4.16039331490704e-05,0.0021306524912726,0.00181696908489781,"BIRC5/CCNB1/CDCA8/AURKB/INCENP",5
"GO:0060537","muscle tissue development","37/768","453/18860",0.0816777041942605,2.00578320456218,4.46435400123428,4.9278864255635e-05,0.00249714160554344,0.00212950216727952,"SOX11/MYOCD/ITGA8/CCNB1/CACNA1G/PGM5/IGF1/ALDH1A2/PITX1/COL11A1/ADRA1A/MEIS1/IGFBP5/CENPF/HOPX/SVIL/MYLK/JPH2/PDGFRA/MYORG/PRKG1/AKAP6/CITED2/POPDC2/TBX5/COL14A1/CAV1/TIPARP/BARX2/DKK1/ATF3/PAX5/PLN/NKX2-5/ERBB4/TPM1/YAP1",37
"GO:0009954","proximal/distal pattern formation","8/768","34/18860",0.235294117647059,5.7781862745098,5.74539852438412,5.1593104015262e-05,0.00258717919509866,0.00220628405328423,"TP63/ALDH1A2/FGF10/HOXC11/EN1/HOXC10/HOXC9/GLI3",8
"GO:0051315","attachment of mitotic spindle microtubules to kinetochore","7/768","26/18860",0.269230769230769,6.61157852564103,5.89925387223736,6.02844807261988e-05,0.00296132132873389,0.00252534344610285,"BIRC5/KIF2C/CDCA8/AURKB/NUF2/INCENP/CDT1",7
"GO:0051438","regulation of ubiquitin-protein transferase activity","7/768","26/18860",0.269230769230769,6.61157852564103,5.89925387223736,6.02844807261988e-05,0.00296132132873389,0.00252534344610285,"PLK1/CDKN2A/CDC20/UBE2C/DTX3L/UBE2S/ARRDC3",7
"GO:0044843","cell cycle G1/S phase transition","26/768","275/18860",0.0945454545454545,2.3217803030303,4.54926243359214,6.19423173855988e-05,0.00301202339287144,0.00256858094421941,"FHL1/E2F1/TP63/CCNB1/RRM2/CDKN2A/EGFR/IQGAP3/FGF10/STIL/CDC6/INHBA/E2F3/KANK2/CCNO/CDC25A/EIF4EBP1/KIF14/EZH2/KLF4/PTPN6/CCNB2/CCNA2/CCNE1/FAM107A/MUC1",26
"GO:0042063","gliogenesis","31/768","357/18860",0.0868347338935574,2.13242588702147,4.45060932019026,6.48234388434423e-05,0.00312060034592331,0.00266117275252026,"SOX11/E2F1/DAAM2/MYOC/AREG/IGF1/FGF10/PAX6/GPR17/PTPRZ1/IL33/LGI4/PLPP3/C5AR1/DLG5/NTRK2/NKX2-2/LAMA2/CDH2/EZH2/SUN1/LPAR1/RELN/SOX4/KCNJ10/POU3F1/NDN/GLI3/CSK/CSPG5/PRX",31
"GO:0090232","positive regulation of spindle checkpoint","5/768","12/18860",0.416666666666667,10.2322048611111,6.59113292188428,6.8929918335693e-05,0.00328543194918838,0.00280173717049716,"BIRC5/CDCA8/AURKB/INCENP/KNL1",5
"GO:0022612","gland morphogenesis","16/768","129/18860",0.124031007751938,3.04586563307494,4.80383554140732,7.11463189529363e-05,0.00335782724940623,0.00286347413742468,"TP63/CDKN2A/EGFR/WNT4/AREG/IGF1/FGF10/ESR1/LIMS2/PAX6/IGFBP5/PGR/CAV1/EPHA2/SOSTDC1/GLI3",16
"GO:0010001","glial cell differentiation","25/768","263/18860",0.0950570342205323,2.33434331432193,4.48973453716603,7.81132238720089e-05,0.00365084523999855,0.00311335281656448,"SOX11/DAAM2/MYOC/IGF1/FGF10/PAX6/GPR17/PTPRZ1/LGI4/PLPP3/C5AR1/DLG5/NTRK2/NKX2-2/LAMA2/CDH2/LPAR1/RELN/SOX4/KCNJ10/POU3F1/GLI3/CSK/CSPG5/PRX",25
"GO:0051960","regulation of nervous system development","37/768","466/18860",0.0793991416309013,1.94982787911302,4.27756315944255,8.87252550573069e-05,0.00410695555621034,0.00350231269963054,"SOX11/E2F1/DAAM2/XRCC2/SLIT2/PER2/SEMA3G/IGF1/SPP1/PAX6/LRRC15/PTPRZ1/TRIM46/SEMA5A/LGI4/CXCL12/PTPN13/DLG5/NTRK2/NKX2-2/ASPM/KIF14/EZH2/ITGAX/NLGN1/RELN/SPART/FLRT2/DCT/DKK1/DPYSL5/TRPC6/SLITRK3/SYNDIG1/GLI3/YAP1/JAM2",37
"GO:1901992","positive regulation of mitotic cell cycle phase transition","14/768","105/18860",0.133333333333333,3.27430555555556,4.81483687827264,9.05151050366761e-05,0.00414990205377675,0.00353893643752418,"BIRC5/CCNB1/RRM2/EGFR/CDC20/FGF10/STIL/DTL/CDC6/UBE2C/CDC25A/CCNE1/DLGAP5/ESPL1",14
"GO:0090257","regulation of muscle system process","25/768","266/18860",0.093984962406015,2.30801613408521,4.42653759102279,9.37337406295587e-05,0.00425692667349713,0.00363020445337914,"MYOCD/ATP1A2/PPP1R12B/IGF1/ADGRD1/CNN1/GSTM2/ADRA1A/IGFBP5/JPH2/MYL9/PRKG1/AKAP6/TNNT1/IRAG1/CAV1/KLF4/ANK2/ACACB/CACNB2/PLN/PARP1/NKX2-5/TPM1/TACR2",25
"GO:0061436","establishment of skin barrier","8/768","37/18860",0.216216216216216,5.30968468468468,5.40628066394044,9.84679937358208e-05,0.00443013945648824,0.00377791613939696,"DSC1/TP63/FLG/FLG2/LSR/ALOX12B/KLF4/STMN1",8
"GO:0007097","nuclear migration","7/768","28/18860",0.25,6.13932291666667,5.60703607130596,0.000101064569180858,0.00446806710621828,0.00381025992483574,"LMNB1/LMNB2/TACC2/TACC1/SUN1/TACC3/SYNE3",7
"GO:0007015","actin filament organization","37/768","469/18860",0.0788912579957356,1.93735563255153,4.23530599810579,0.00010116728595301,0.00446806710621828,0.00381025992483574,"SORBS1/SYNPO2/PLEKHH2/DAAM2/MYOC/DSG3/SLIT2/LMOD1/IQGAP3/WNT4/CORO6/CNN1/PIK3R1/ARHGAP6/SEMA5A/SVIL/KANK2/CXCL12/MYL9/CYRIB/RAPGEF3/PDLIM3/RAC3/LPAR1/RHOJ/PACSIN1/COTL1/RHPN1/FER/TPM2/LIMD2/DLC1/CARMIL2/STMN1/ARHGEF15/TPM1/FAM107A",37
"GO:0051443","positive regulation of ubiquitin-protein transferase activity","5/768","13/18860",0.384615384615385,9.44511217948718,6.27556214247886,0.000108259590616578,0.00466659659094892,0.0039795610838346,"PLK1/CDC20/UBE2C/UBE2S/ARRDC3",5
"GO:1903490","positive regulation of mitotic cytokinesis","5/768","13/18860",0.384615384615385,9.44511217948718,6.27556214247886,0.000108259590616578,0.00466659659094892,0.0039795610838346,"BIRC5/CDCA8/AURKB/ECT2/INCENP",5
"GO:1901890","positive regulation of cell junction assembly","15/768","120/18860",0.125,3.06966145833333,4.68599469612367,0.000108570589569231,0.00466659659094892,0.0039795610838346,"MYOC/DSG3/WNT4/LRRC15/HOPX/DLG5/NTRK2/TBX5/CAV1/NLGN1/EPHA2/FLRT2/SLITRK3/ACVRL1/SYNDIG1",15
"GO:0021987","cerebral cortex development","16/768","134/18860",0.119402985074627,2.93221393034826,4.62468065684246,0.000112422476245344,0.00476921765710398,0.0040670738553573,"SLIT2/EGFR/PAX6/FAT4/TACC2/TACC1/NTRK2/ASPM/CDH2/KIF14/SUN1/TACC3/RELN/FILIP1/PAX5/GLI3",16
"GO:0032970","regulation of actin filament-based process","33/768","402/18860",0.082089552238806,2.01589707711443,4.24196486687311,0.000112939512444922,0.00476921765710398,0.0040670738553573,"SYNPO2/PLEKHH2/ATP1A2/DAAM2/MYOC/SLIT2/LMOD1/WNT4/PIK3R1/ARHGAP6/SEMA5A/SVIL/KANK2/CXCL12/BST2/PDGFRA/CYRIB/RAPGEF3/RAC3/CAV1/LPAR1/ANK2/ECT2/COTL1/RHPN1/FER/PLN/DLC1/CARMIL2/STMN1/ARHGEF15/TPM1/FAM107A",33
"GO:0048730","epidermis morphogenesis","8/768","38/18860",0.210526315789474,5.16995614035088,5.30135700539174,0.000120316157666397,0.00503653898266119,0.00429503903797666,"DSC1/TP63/FLG2/FGF10/IGFBP5/KLF4/SOSTDC1/KRT17",8
"GO:0001704","formation of primary germ layer","16/768","135/18860",0.118518518518519,2.91049382716049,4.58984754741443,0.00012281902792262,0.00509698965878871,0.00434658991740668,"ITGA8/ITGA7/COL11A1/SOX7/WLS/INHBA/COL7A1/ATOH8/ETS2/COL8A1/SIX2/EPHA2/KLF4/DKK1/DUSP1/MMP9",16
"GO:0006937","regulation of muscle contraction","19/768","181/18860",0.104972375690608,2.57783724677716,4.39462003187787,0.00015349214028001,0.00631548002827325,0.00538568913263194,"MYOCD/ATP1A2/PPP1R12B/ADGRD1/CNN1/GSTM2/ADRA1A/JPH2/MYL9/PRKG1/TNNT1/IRAG1/CAV1/ANK2/CACNB2/PLN/NKX2-5/TPM1/TACR2",19
"GO:1903046","meiotic cell cycle process","22/768","227/18860",0.0969162995594714,2.38000183553598,4.30970805397608,0.000155851084301132,0.00635819593072584,0.00542211622457105,"PLK1/PKMYT1/CDC20/WNT4/AURKA/TOP2A/CDC25A/ASPM/FANCA/OVOL1/SUN1/NUF2/BRME1/INCENP/KNL1/NCAPH/CCNB2/CCNE1/ZNF541/TRIP13/P3H4/ESPL1",22
"GO:0008209","androgen metabolic process","7/768","30/18860",0.233333333333333,5.73003472222222,5.34190852531605,0.000161855565358765,0.00649310576364245,0.00553716407806301,"WNT4/SPP1/ESR1/INHBA/TIPARP/SRD5A3/HSD3B1",7
"GO:0051984","positive regulation of chromosome segregation","7/768","30/18860",0.233333333333333,5.73003472222222,5.34190852531605,0.000161855565358765,0.00649310576364245,0.00553716407806301,"BIRC5/CCNB1/CDCA8/CDC6/AURKB/INCENP/NCAPH",7
"GO:0000281","mitotic cytokinesis","13/768","98/18860",0.13265306122449,3.25759991496599,4.61654531460313,0.000168533535091786,0.00668138353678769,0.0056977228245407,"BIRC5/PLK1/IQGAP3/CDCA8/AURKB/SNX33/ECT2/SPART/INCENP/CENPA/STMN1/ESPL1/KIF4A",13
"GO:0016049","cell growth","38/768","499/18860",0.0761523046092184,1.87009435537742,4.05849588049985,0.000169324634708787,0.00668138353678769,0.0056977228245407,"MYOCD/FHL1/SLIT2/CDKN2A/EGFR/SEMA3G/IGF1/SPP1/ADRA1A/MEIS1/SLIT3/LTBP4/IGFBP5/IGFBP4/TRIM46/NRN1/SEMA5A/INHBA/MEG3/CXCL12/HYAL1/BST2/AURKA/PRKG1/AKAP6/SGK2/NPR1/KIF14/COL14A1/SPART/RERG/PSRC1/KRT17/ACVRL1/NDN/TEAD1/YAP1/FAM107A",38
"GO:0065004","protein-DNA complex assembly","23/768","245/18860",0.0938775510204082,2.30537840136054,4.23725494574675,0.000179166424191896,0.00701225338259989,0.00597988065338805,"H3C14/H1-5/ESR1/H3C10/MCM2/CENPN/CENPF/H3C2/H2BC17/CHAF1B/H3C11/H2BC11/H3C12/ASF1B/H3C7/H2BC15/MED18/HJURP/CENPA/DLGAP5/H3C13/CDT1/CENPI",23
"GO:0051899","membrane depolarization","13/768","100/18860",0.13,3.19244791666667,4.52907506620154,0.000206984728089345,0.00803568129856539,0.00685263531025846,"FHL1/ATP1A2/MYOC/IFI6/CDKN2A/CACNA1G/ABCD1/TBX5/CAV1/ANK2/CACNB2/SCN4B/PARP1",13
"GO:0007080","mitotic metaphase chromosome alignment","10/768","63/18860",0.158730158730159,3.8979828042328,4.74699155302125,0.00021371016017838,0.00822458113760537,0.00701372453953621,"BIRC5/CCNB1/KIF2C/CDCA8/AURKB/KIF14/NUF2/INCENP/PSRC1/CDT1",10
"GO:0021543","pallium development","20/768","201/18860",0.0995024875621891,2.44351160862355,4.23907185198828,0.000215267391636534,0.00822458113760537,0.00701372453953621,"SLIT2/EGFR/FBXO41/PAX6/FAT4/TACC2/TACC1/IGF2BP1/NTRK2/ASPM/CDH2/KIF14/EZH2/SUN1/TACC3/RELN/ZIC1/FILIP1/PAX5/GLI3",20
"GO:1903035","negative regulation of response to wounding","13/768","101/18860",0.128712871287129,3.16083952145215,4.48616259918085,0.000228876175592759,0.00867566857719326,0.0073984010344945,"WNT4/SPP1/IL33/MMRN1/PDGFRA/PRKG1/TFPI/PTPN6/SERPINB2/PLAT/SIGLEC10/PLAU/PROS1",13
"GO:1904666","regulation of ubiquitin protein ligase activity","5/768","15/18860",0.333333333333333,8.18576388888889,5.73610578994989,0.0002359931316112,0.00887555418418998,0.00756885866187237,"PLK1/CDKN2A/CDC20/UBE2C/UBE2S",5
"GO:0048732","gland development","35/768","454/18860",0.0770925110132159,1.89318327826725,3.9690397842979,0.000240066191973323,0.00890227618511404,0.00759164654012305,"TP63/CDKN2A/ONECUT2/EGFR/IQGAP3/WNT4/AREG/IGF1/ALDH1A2/FGF10/ESR1/PITX1/LIMS2/PAX6/PSAPL1/IGFBP5/WLS/LSR/PGR/PDGFRA/AURKA/UCP2/FOXN1/CITED2/EZH2/CAV1/EPHA2/SOSTDC1/OAS2/CCNB2/SRSF5/DKK3/NKX2-5/ERBB4/GLI3",35
"GO:0051321","meiotic cell cycle","26/768","299/18860",0.0869565217391304,2.13541666666667,4.07743291497433,0.00024040214043723,0.00890227618511404,0.00759164654012305,"PLK1/PKMYT1/XRCC2/CDC20/WNT4/EXO1/AURKA/TOP2A/CDC25A/ASPM/FANCA/OVOL1/SUN1/NUF2/BRME1/INCENP/KNL1/NCAPH/CCNB2/CCNE1/NEK2/ZNF541/DUSP1/TRIP13/P3H4/ESPL1",26
"GO:0007272","ensheathment of neurons","17/768","159/18860",0.106918238993711,2.62562237945493,4.24113861795428,0.000269595696835121,0.00983207336791114,0.00838455516472863,"MYOC/IGF1/ACSBG1/PTPRZ1/ABCD1/LGI4/NTRK2/KIF14/ITGAX/LPAR1/ANK2/PLLP/CLDN11/KCNJ10/POU3F1/JAM2/PRX",17
"GO:0008366","axon ensheathment","17/768","159/18860",0.106918238993711,2.62562237945493,4.24113861795428,0.000269595696835121,0.00983207336791114,0.00838455516472863,"MYOC/IGF1/ACSBG1/PTPRZ1/ABCD1/LGI4/NTRK2/KIF14/ITGAX/LPAR1/ANK2/PLLP/CLDN11/KCNJ10/POU3F1/JAM2/PRX",17
"GO:0051591","response to cAMP","12/768","90/18860",0.133333333333333,3.27430555555556,4.45589123384461,0.00028316069455845,0.0102491397263487,0.00874021930176457,"PER1/AREG/IGFBP5/VGF/RAPGEF3/AKAP6/DUOX1/FOSB/PDE2A/STAT1/GPD1/DUSP1",12
"GO:0051647","nucleus localization","7/768","33/18860",0.212121212121212,5.20912247474747,4.98602695671442,0.000305381741454986,0.0109498913275933,0.00933780337559613,"LMNB1/LMNB2/TACC2/TACC1/SUN1/TACC3/SYNE3",7
"GO:0050673","epithelial cell proliferation","37/768","496/18860",0.0745967741935484,1.83189474126344,3.86831851022518,0.000307070072543642,0.0109498913275933,0.00933780337559613,"SOX11/DSC1/TP63/CDKN2A/UHRF1/EGFR/IQGAP3/AREG/IGF1/ALDH1A2/CD34/FGF10/ESR1/LIMS2/PAX6/IGFBP5/IGFBP4/SEMA5A/PGR/ATOH8/CXCL12/C5AR1/OSR2/COL8A1/OVOL1/TGM1/CAV1/EPHA2/MCC/STAT1/CDH13/MMRN2/KRT4/ACVRL1/NKX2-5/ERBB4/YAP1",37
"GO:1902412","regulation of mitotic cytokinesis","5/768","16/18860",0.3125,7.67415364583333,5.50257910416789,0.000331801107824602,0.0117447833313797,0.0100156681154485,"BIRC5/CDCA8/AURKB/ECT2/INCENP",5
"GO:0070664","negative regulation of leukocyte proliferation","13/768","105/18860",0.123809523809524,3.04042658730159,4.31970152645027,0.00033739302921491,0.0118555477565005,0.0101101253472005,"SOX11/CDKN2A/IL4I1/IL33/IL20RB/DLG5/CD37/HAVCR2/PTPN6/LAPTM5/PLA2G2D/SPN/FOXJ1",13
"GO:0032956","regulation of actin cytoskeleton organization","29/768","357/18860",0.0812324929971989,1.99485002334267,3.90991484460512,0.000342596320676484,0.0118952078300712,0.0101439465019302,"SYNPO2/PLEKHH2/DAAM2/MYOC/SLIT2/LMOD1/WNT4/PIK3R1/ARHGAP6/SEMA5A/SVIL/KANK2/CXCL12/BST2/PDGFRA/CYRIB/RAPGEF3/RAC3/LPAR1/ECT2/COTL1/RHPN1/FER/DLC1/CARMIL2/STMN1/ARHGEF15/TPM1/FAM107A",29
"GO:0042130","negative regulation of T cell proliferation","11/768","79/18860",0.139240506329114,3.4193697257384,4.43969444934782,0.000343463624507663,0.0118952078300712,0.0101439465019302,"CDKN2A/IL4I1/IL20RB/DLG5/CD37/HAVCR2/PTPN6/LAPTM5/PLA2G2D/SPN/FOXJ1",11
"GO:0030857","negative regulation of epithelial cell differentiation","9/768","55/18860",0.163636363636364,4.01846590909091,4.61878345918343,0.000347494520054594,0.0119488472824487,0.0101896889339317,"TP63/FGF10/SIX2/EZH2/CAV1/STAT1/MMP9/ACVRL1/YAP1",9
"GO:0055002","striated muscle cell development","18/768","178/18860",0.101123595505618,2.48332162921348,4.096663547515,0.000359376364513428,0.0122697717643095,0.0104633655961356,"CCNB1/FLNC/LMOD1/PGM5/IGF1/LDB3/ADRA1A/MEIS1/MYL9/PDGFRA/MYORG/PRKG1/AKAP6/TNNT1/TBX5/COL14A1/NKX2-5/TPM1",18
"GO:0008016","regulation of heart contraction","21/768","225/18860",0.0933333333333333,2.29201388888889,4.01689420372066,0.000364145204428976,0.0123450353107119,0.0105275485342699,"DES/ADM2/ATP1A2/HSPB7/CACNA1G/GSTM2/ADRA1A/FXYD1/HOPX/JPH2/POPDC2/TBX5/CAV1/ANK2/CACNB2/SLC4A3/TRPC1/PLN/SCN4B/NKX2-5/TPM1",21
"GO:0110053","regulation of actin filament organization","24/768","274/18860",0.0875912408759124,2.15100364963504,3.95417300113507,0.000369568059227612,0.0124087133475514,0.0105818516291192,"SYNPO2/PLEKHH2/DAAM2/MYOC/SLIT2/LMOD1/WNT4/PIK3R1/ARHGAP6/SEMA5A/SVIL/KANK2/CXCL12/CYRIB/RAPGEF3/LPAR1/COTL1/RHPN1/FER/DLC1/CARMIL2/STMN1/ARHGEF15/TPM1",24
"GO:0060603","mammary gland duct morphogenesis","7/768","34/18860",0.205882352941176,5.05591299019608,4.87692090055521,0.000371178795606026,0.0124087133475514,0.0105818516291192,"WNT4/AREG/FGF10/ESR1/PGR/EPHA2/SOSTDC1",7
"GO:0006334","nucleosome assembly","14/768","120/18860",0.116666666666667,2.86501736111111,4.22265266000701,0.000376783056518249,0.0124290114807086,0.0105991613877864,"H3C14/H1-5/H3C10/MCM2/H3C2/H2BC17/CHAF1B/H3C11/H2BC11/H3C12/ASF1B/H3C7/H2BC15/H3C13",14
"GO:0021537","telencephalon development","25/768","291/18860",0.0859106529209622,2.10973296105384,3.93067713715841,0.00037694966268871,0.0124290114807086,0.0105991613877864,"ATP1A2/SLIT2/EGFR/FBXO41/PAX6/FAT4/INHBA/TACC2/CXCL12/TACC1/IGF2BP1/NTRK2/ASPM/CDH2/KIF14/EZH2/SUN1/LPAR1/TACC3/RELN/ZIC1/FILIP1/PAX5/ERBB4/GLI3",25
"GO:0014706","striated muscle tissue development","33/768","430/18860",0.0767441860465116,1.88462936046512,3.82322238425438,0.00038783621492204,0.0127009764532973,0.0108310865606585,"SOX11/MYOCD/CCNB1/CACNA1G/PGM5/IGF1/ALDH1A2/PITX1/COL11A1/ADRA1A/MEIS1/CENPF/HOPX/SVIL/JPH2/PDGFRA/MYORG/PRKG1/AKAP6/CITED2/POPDC2/TBX5/COL14A1/CAV1/BARX2/DKK1/ATF3/PAX5/PLN/NKX2-5/ERBB4/TPM1/YAP1",33
"GO:0046697","decidualization","6/768","25/18860",0.24,5.89375,5.04458706777647,0.00040738528713797,0.0132510322451499,0.011300160880783,"SPP1/CITED2/PTGIS/TPPP3/PARP1/STC2",6
"GO:1903038","negative regulation of leukocyte cell-cell adhesion","17/768","165/18860",0.103030303030303,2.5301452020202,4.06732178577054,0.000417262672530205,0.0133997544471399,0.0114269875896717,"CDKN2A/IL4I1/ILDR2/IL20RB/CXCL12/DLG5/CD37/HAVCR2/KLF4/PTPN6/LAG3/LAPTM5/PLA2G2D/GLI3/SPN/CSK/FOXJ1",17
"GO:0001558","regulation of cell growth","32/768","414/18860",0.0772946859903382,1.89814814814815,3.8070948583916,0.000417524546545696,0.0133997544471399,0.0114269875896717,"MYOCD/FHL1/SLIT2/CDKN2A/EGFR/SEMA3G/IGF1/SPP1/SLIT3/LTBP4/IGFBP5/IGFBP4/TRIM46/SEMA5A/INHBA/MEG3/CXCL12/HYAL1/BST2/AKAP6/SGK2/NPR1/KIF14/COL14A1/SPART/RERG/PSRC1/KRT17/ACVRL1/TEAD1/YAP1/FAM107A",32
"GO:0048145","regulation of fibroblast proliferation","12/768","94/18860",0.127659574468085,3.13497340425532,4.27530586766408,0.000425744138901188,0.0135730614878829,0.0115747796564283,"IFI30/E2F1/CCNB1/EGFR/IGF1/FGF10/ESR1/CDC6/PDGFRA/CAV1/CCNA2/FTH1",12
"GO:0070341","fat cell proliferation","5/768","17/18860",0.294117647058824,7.22273284313725,5.28843588430451,0.00045437267917637,0.0143884755407634,0.0122701451050614,"E2F1/PER2/FGF10/SLC2A4/E2F3",5
"GO:0048146","positive regulation of fibroblast proliferation","9/768","57/18860",0.157894736842105,3.87746710526316,4.48260914803035,0.000457298869492481,0.0143884755407634,0.0122701451050614,"E2F1/CCNB1/EGFR/IGF1/FGF10/ESR1/CDC6/PDGFRA/CCNA2",9
"GO:0050672","negative regulation of lymphocyte proliferation","12/768","95/18860",0.126315789473684,3.10197368421053,4.23166659908544,0.000469601457818281,0.0145229292306101,0.0123848039707388,"SOX11/CDKN2A/IL4I1/IL20RB/DLG5/CD37/HAVCR2/PTPN6/LAPTM5/PLA2G2D/SPN/FOXJ1",12
"GO:0070344","regulation of fat cell proliferation","4/768","10/18860",0.4,9.82291666666667,5.74980545759016,0.000470622550888073,0.0145229292306101,0.0123848039707388,"E2F1/PER2/FGF10/E2F3",4
"GO:1902423","regulation of attachment of mitotic spindle microtubules to kinetochore","4/768","10/18860",0.4,9.82291666666667,5.74980545759016,0.000470622550888073,0.0145229292306101,0.0123848039707388,"BIRC5/CDCA8/AURKB/INCENP",4
"GO:0098742","cell-cell adhesion via plasma-membrane adhesion molecules","24/768","279/18860",0.0860215053763441,2.11245519713262,3.85697425502104,0.00048037672905596,0.0146362884409835,0.0124814739728064,"CELSR3/DSC1/HMCN2/CADM3/ADGRL3/FAT2/DSG3/CDHR1/FAT3/FAT4/CLDN7/CDH2/DSG1/NLGN1/KLF4/PCDH20/CEACAM6/CLDN11/SPARCL1/PCDH17/CDH13/SLITRK3/DSC3/FGFRL1",24
"GO:1903522","regulation of blood circulation","24/768","279/18860",0.0860215053763441,2.11245519713262,3.85697425502104,0.00048037672905596,0.0146362884409835,0.0124814739728064,"DES/ADM2/ATP1A2/HSPB7/PER2/CACNA1G/SVEP1/GSTM2/ADRA1A/FXYD1/HOPX/JPH2/POPDC2/TBX5/CAV1/ANK2/CACNB2/SLC4A3/BDKRB2/TRPC1/PLN/SCN4B/NKX2-5/TPM1",24
"GO:0010389","regulation of G2/M transition of mitotic cell cycle","13/768","109/18860",0.119266055045872,2.92885129969419,4.16098768849481,0.000486942251636951,0.0147430188640269,0.0125724911048269,"PLK1/FHL1/PKMYT1/CCNB1/CLSPN/DTL/CENPF/CDC6/AURKB/AURKA/CDC25A/KIF14/TICRR",13
"GO:0051250","negative regulation of lymphocyte activation","18/768","183/18860",0.0983606557377049,2.41547131147541,3.96432916748894,0.000502300772717432,0.0151129744991357,0.0128879803526183,"SOX11/CDKN2A/IL4I1/INHBA/HMGB3/ILDR2/IL20RB/DLG5/CD37/HAVCR2/PTPN6/LAG3/LAPTM5/PLA2G2D/GLI3/SPN/CSK/FOXJ1",18
"GO:0071824","protein-DNA complex organization","23/768","265/18860",0.0867924528301887,2.13138757861635,3.82149154202724,0.000551673932328368,0.0164953932312346,0.0140668737239662,"H3C14/H1-5/ESR1/H3C10/MCM2/CENPN/CENPF/H3C2/H2BC17/CHAF1B/H3C11/H2BC11/H3C12/ASF1B/H3C7/H2BC15/MED18/HJURP/CENPA/DLGAP5/H3C13/CDT1/CENPI",23
"GO:0045229","external encapsulating structure organization","27/768","333/18860",0.0810810810810811,1.99113175675676,3.75965165849763,0.000556724086312582,0.0165436404414122,0.0141080177818003,"COL4A6/ITGA8/THSD4/HPSE2/ADAMTS14/DPT/SPINK5/COL11A1/LTBP4/ANTXR2/ZNF469/OLFML2A/MFAP4/PDGFRA/LAMA2/ADAMTS15/TGM1/COL14A1/CAV1/ADAMTSL2/EGFLAM/FLRT2/ADAMTSL5/MMP9/CARMIL2/P3H4/ADAMTS5",27
"GO:0032945","negative regulation of mononuclear cell proliferation","12/768","97/18860",0.123711340206186,3.03801546391753,4.14609122580669,0.000568800148479049,0.016696365334013,0.0142382578887567,"SOX11/CDKN2A/IL4I1/IL20RB/DLG5/CD37/HAVCR2/PTPN6/LAPTM5/PLA2G2D/SPN/FOXJ1",12
"GO:0045132","meiotic chromosome segregation","12/768","97/18860",0.123711340206186,3.03801546391753,4.14609122580669,0.000568800148479049,0.016696365334013,0.0142382578887567,"PLK1/AURKA/ASPM/SUN1/NUF2/KNL1/NCAPH/CCNB2/CCNE1/TRIP13/P3H4/ESPL1",12
"GO:0061005","cell differentiation involved in kidney development","9/768","59/18860",0.152542372881356,3.74602754237288,4.35248287151118,0.000594116975957361,0.0173176935475251,0.0147681116120412,"WNT4/CD34/SIX2/STAT1/MAGI2/MMP9/GLI3/YAP1/FOXJ1",9
"GO:0055123","digestive system development","16/768","155/18860",0.103225806451613,2.53494623655914,3.95345511005594,0.000597161846466383,0.0173176935475251,0.0147681116120412,"SOX11/MYOCD/TP63/CCNB1/EGFR/IGF1/ALDH1A2/NKX3-2/FGF10/WLS/PDGFRA/NKX2-2/SIX2/CLMP/GLI3/YAP1",16
"GO:0048557","embryonic digestive tract morphogenesis","5/768","18/18860",0.277777777777778,6.82146990740741,5.09098784789942,0.000608168204838539,0.0173237972668209,0.0147733167167256,"SOX11/FGF10/PDGFRA/SIX2/GLI3",5
"GO:0055089","fatty acid homeostasis","5/768","18/18860",0.277777777777778,6.82146990740741,5.09098784789942,0.000608168204838539,0.0173237972668209,0.0147733167167256,"ABCD1/DGAT2/ACACB/POLD1/MLXIPL",5
"GO:1901978","positive regulation of cell cycle checkpoint","5/768","18/18860",0.277777777777778,6.82146990740741,5.09098784789942,0.000608168204838539,0.0173237972668209,0.0147733167167256,"BIRC5/CDCA8/AURKB/INCENP/KNL1",5
"GO:0006261","DNA-templated DNA replication","17/768","171/18860",0.0994152046783626,2.44136817738791,3.90100586599833,0.000630073272982829,0.0178421925655255,0.0152153917314739,"TK1/TONSL/MCM2/NYNRIN/EXO1/GINS1/MCM10/CDC6/GINS4/MCM4/TICRR/CCNE1/TIMELESS/POLD1/PARP1/CDT1/DDX11",17
"GO:0006270","DNA replication initiation","7/768","37/18860",0.189189189189189,4.6459740990991,4.5736894263366,0.000638872710772927,0.0179855744424612,0.0153376643398856,"MCM2/MCM10/CDC6/MCM4/TICRR/CCNE1/CDT1",7
"GO:0050866","negative regulation of cell activation","21/768","235/18860",0.0893617021276596,2.19448138297872,3.7963113769197,0.000647394693917702,0.0180431517806594,0.0153867649059917,"SOX11/CDKN2A/IL4I1/INHBA/HMGB3/ILDR2/IL20RB/PDGFRA/DLG5/PRKG1/CD37/HAVCR2/PTPN6/FER/LAG3/LAPTM5/PLA2G2D/GLI3/SPN/CSK/FOXJ1",21
"GO:1901976","regulation of cell cycle checkpoint","8/768","48/18860",0.166666666666667,4.09288194444444,4.42041585189286,0.000648414054435829,0.0180431517806594,0.0153867649059917,"BIRC5/CCNB1/CDCA8/AURKB/CHEK2/INCENP/KNL1/DUSP1",8
"GO:0140013","meiotic nuclear division","19/768","203/18860",0.0935960591133005,2.29846572249589,3.83225371001984,0.000657835473821337,0.0182001147757237,0.0155206191645688,"PLK1/CDC20/WNT4/AURKA/TOP2A/ASPM/FANCA/SUN1/NUF2/BRME1/INCENP/KNL1/NCAPH/CCNB2/CCNE1/ZNF541/TRIP13/P3H4/ESPL1",19
"GO:0001942","hair follicle development","12/768","99/18860",0.121212121212121,2.97664141414141,4.06269431756798,0.00068502907801578,0.0185348183317145,0.0158060462890443,"DSC1/TP63/EGFR/FGF10/SPINK5/IGFBP5/INHBA/FOXN1/LDB2/SOSTDC1/DKK1/KRT17",12
"GO:0042552","myelination","16/768","157/18860",0.101910828025478,2.50265392781316,3.89537982762881,0.000687317377621413,0.0185348183317145,0.0158060462890443,"MYOC/IGF1/ACSBG1/PTPRZ1/ABCD1/LGI4/NTRK2/KIF14/ITGAX/LPAR1/ANK2/PLLP/KCNJ10/POU3F1/JAM2/PRX",16
"GO:0007498","mesoderm development","15/768","142/18860",0.105633802816901,2.5940801056338,3.92845011983852,0.000688028471378877,0.0185348183317145,0.0158060462890443,"ITGA8/TP63/WLS/INHBA/ETS2/IKZF3/SIX2/OVOL1/CITED2/EPHA2/KLF4/DKK1/NOMO1/SECTM1/YAP1",15
"GO:0030879","mammary gland development","15/768","142/18860",0.105633802816901,2.5940801056338,3.92845011983852,0.000688028471378877,0.0185348183317145,0.0158060462890443,"CDKN2A/IQGAP3/WNT4/AREG/IGF1/FGF10/ESR1/IGFBP5/PGR/CAV1/EPHA2/SOSTDC1/OAS2/ERBB4/GLI3",15
"GO:0002065","columnar/cuboidal epithelial cell differentiation","13/768","113/18860",0.115044247787611,2.82517514749263,4.00935516336639,0.00068918414652615,0.0185348183317145,0.0158060462890443,"SOX11/TP63/WNT4/NKX3-2/PGR/CCNO/DLG5/NKX2-2/CDH2/CAV1/SOX4/YAP1/FOXJ1",13
"GO:0031055","chromatin remodeling at centromere","4/768","11/18860",0.363636363636364,8.92992424242424,5.42023198235267,0.000715776046738932,0.0189326697197869,0.0161453243625323,"CENPN/HJURP/CENPA/CENPI",4
"GO:0034080","CENP-A containing chromatin assembly","4/768","11/18860",0.363636363636364,8.92992424242424,5.42023198235267,0.000715776046738932,0.0189326697197869,0.0161453243625323,"CENPN/HJURP/CENPA/CENPI",4
"GO:0090267","positive regulation of mitotic cell cycle spindle assembly checkpoint","4/768","11/18860",0.363636363636364,8.92992424242424,5.42023198235267,0.000715776046738932,0.0189326697197869,0.0161453243625323,"BIRC5/CDCA8/AURKB/INCENP",4
"GO:0140694","membraneless organelle assembly","33/768","446/18860",0.0739910313901345,1.81701933856502,3.59767846794702,0.000732860294343164,0.0192786309123934,0.0164403517281469,"MYBL2/BIRC5/PLK1/FLNC/UHRF1/CDC20/LMOD1/PGM5/LDB3/STIL/STARD9/CDCA8/TPX2/CENPF/MYL9/PDGFRA/AURKB/AURKA/CHEK2/ASPM/TNNT1/BOP1/INCENP/CCNB2/NEK2/SAC3D1/CENPA/SBDS/DLGAP5/NKX2-5/PRC1/TPM1/KIF4A",33
"GO:0030308","negative regulation of cell growth","17/768","174/18860",0.0977011494252874,2.39927562260536,3.82046627907465,0.000767561982947474,0.0200817575321149,0.0171252387499722,"FHL1/SLIT2/CDKN2A/SEMA3G/SPP1/SLIT3/TRIM46/SEMA5A/INHBA/MEG3/HYAL1/BST2/NPR1/SPART/RERG/PSRC1/ACVRL1",17
"GO:0051302","regulation of cell division","18/768","190/18860",0.0947368421052632,2.32648026315789,3.78618721534532,0.000783295978753269,0.020240903720608,0.0172609547832793,"BIRC5/PLK1/TP63/KIF18B/PAX6/CDCA8/CDC6/SVIL/AURKB/AURKA/GAREM1/ASPM/KIF14/HDGF/ECT2/INCENP/PRC1/OSM",18
"GO:0046683","response to organophosphorus","14/768","129/18860",0.108527131782946,2.66513242894057,3.90984735946323,0.000784848115535726,0.020240903720608,0.0172609547832793,"PER1/AREG/IGFBP5/VGF/RYR3/RAPGEF3/AKAP6/LPAR1/DUOX1/FOSB/PDE2A/STAT1/GPD1/DUSP1",14
"GO:0055001","muscle cell development","19/768","206/18860",0.0922330097087379,2.26499292071197,3.76125146391311,0.000786258619807581,0.020240903720608,0.0172609547832793,"CCNB1/FLNC/LMOD1/PGM5/IGF1/LDB3/ADRA1A/MEIS1/MYL9/PDGFRA/MYORG/PRKG1/AKAP6/TNNT1/TBX5/COL14A1/ANK2/NKX2-5/TPM1",19
"GO:0018149","peptide cross-linking","5/768","19/18860",0.263157894736842,6.4624451754386,4.90804535732014,0.000797898016475284,0.0204312821878299,0.017423304951028,"FLG/KRT10/LORICRIN/TGM1/CSTA",5
"GO:0061180","mammary gland epithelium development","10/768","74/18860",0.135135135135135,3.31855292792793,4.11729861345853,0.000803783128968242,0.0204730792743551,0.0174589484988925,"CDKN2A/IQGAP3/WNT4/AREG/FGF10/ESR1/PGR/EPHA2/SOSTDC1/ERBB4",10
"GO:0007389","pattern specification process","35/768","486/18860",0.0720164609053498,1.76852923525377,3.53649723026555,0.000831095983693801,0.0210573477131682,0.0179571985396445,"TP63/DAAM2/XRCC2/ALDH1A2/NKX3-2/FGF10/HOXC11/PAX6/STIL/ZBTB16/EN1/MEIS1/WLS/AURKA/ETS2/MEIS2/OSR2/NKX2-2/SIX2/CITED2/TBX5/RELN/ZIC1/SOSTDC1/DKK1/NOMO1/MEOX1/HOXC10/ACVRL1/DNAH11/HOXC9/NKX2-5/ERBB4/GLI3/FOXJ1",35
"GO:0001706","endoderm formation","9/768","62/18860",0.145161290322581,3.56476814516129,4.1675880481524,0.000860574442485047,0.0216772551059115,0.0184858406212264,"ITGA7/COL11A1/SOX7/INHBA/COL7A1/COL8A1/DKK1/DUSP1/MMP9",9
"GO:0048562","embryonic organ morphogenesis","25/768","308/18860",0.0811688311688312,1.99328666125541,3.62118943466875,0.000864568545977359,0.0216772551059115,0.0184858406212264,"SOX11/ITGA8/NKX3-2/FGF10/HOXC11/COL11A1/PAX6/STIL/FBN2/LHFPL5/CTHRC1/HYAL1/PDGFRA/OSR2/SIX2/CITED2/EPHA2/ZIC1/MFAP2/PAX5/HOXC9/NKX2-5/CHST11/GLI3/YAP1",25
"GO:0030038","contractile actin filament bundle assembly","13/768","116/18860",0.112068965517241,2.75211027298851,3.89992220198434,0.000883678418055512,0.0219279788892744,0.0186996518199484,"SORBS1/MYOC/WNT4/PIK3R1/ARHGAP6/MYL9/RAPGEF3/LPAR1/RHPN1/DLC1/STMN1/ARHGEF15/TPM1",13
"GO:0043149","stress fiber assembly","13/768","116/18860",0.112068965517241,2.75211027298851,3.89992220198434,0.000883678418055512,0.0219279788892744,0.0186996518199484,"SORBS1/MYOC/WNT4/PIK3R1/ARHGAP6/MYL9/RAPGEF3/LPAR1/RHPN1/DLC1/STMN1/ARHGEF15/TPM1",13
"GO:0022404","molting cycle process","12/768","102/18860",0.117647058823529,2.8890931372549,3.94145743787551,0.000896215504056914,0.0220121501863775,0.0187714310731577,"DSC1/TP63/EGFR/FGF10/SPINK5/IGFBP5/INHBA/FOXN1/LDB2/SOSTDC1/DKK1/KRT17",12
"GO:0022405","hair cycle process","12/768","102/18860",0.117647058823529,2.8890931372549,3.94145743787551,0.000896215504056914,0.0220121501863775,0.0187714310731577,"DSC1/TP63/EGFR/FGF10/SPINK5/IGFBP5/INHBA/FOXN1/LDB2/SOSTDC1/DKK1/KRT17",12
"GO:0003015","heart process","23/768","275/18860",0.0836363636363636,2.05388257575758,3.62722034843437,0.000916709626057657,0.0223297096004085,0.0190422380866318,"DES/ADM2/SCN7A/ATP1A2/HSPB7/CACNA1G/GSTM2/ADRA1A/FXYD1/HOPX/JPH2/POPDC2/TBX5/CAV1/ANK2/CACNB2/SLC4A3/TRPC1/PLN/SCN4B/NKX2-5/TPM1/YAP1",23
"GO:0050868","negative regulation of T cell activation","15/768","146/18860",0.102739726027397,2.52300941780822,3.80620657324553,0.000918421790793703,0.0223297096004085,0.0190422380866318,"CDKN2A/IL4I1/ILDR2/IL20RB/DLG5/CD37/HAVCR2/PTPN6/LAG3/LAPTM5/PLA2G2D/GLI3/SPN/CSK/FOXJ1",15
"GO:0050678","regulation of epithelial cell proliferation","31/768","416/18860",0.0745192307692308,1.82999048477564,3.52686529713681,0.000933692306075147,0.0225869083489737,0.0192615709795984,"SOX11/DSC1/TP63/CDKN2A/UHRF1/EGFR/IQGAP3/AREG/IGF1/ALDH1A2/FGF10/LIMS2/PAX6/SEMA5A/PGR/ATOH8/CXCL12/C5AR1/OSR2/OVOL1/TGM1/CAV1/MCC/STAT1/CDH13/MMRN2/KRT4/ACVRL1/NKX2-5/ERBB4/YAP1",31
"GO:0007043","cell-cell junction assembly","16/768","162/18860",0.0987654320987654,2.42541152263374,3.75402227705286,0.00096492831525133,0.0232258245480995,0.0198064233130536,"DSG3/HOPX/LSR/CLDN7/DLG5/CDH2/TBX5/CAV1/DSG1/EPHA2/ANK2/ECT2/CLDN11/FER/CDH13/ACVRL1",16
"GO:0045216","cell-cell junction organization","20/768","226/18860",0.0884955752212389,2.1732116519174,3.65573067014184,0.00097213535335152,0.0232828835374837,0.019855081843786,"DSC1/DSG3/SVEP1/LIMS2/HOPX/LSR/CLDN7/DLG5/CDH2/TBX5/CAV1/DSG1/EPHA2/ANK2/ECT2/CLDN11/FER/CDH13/ACVRL1/CSK",20
"GO:0060419","heart growth","12/768","103/18860",0.116504854368932,2.86104368932039,3.90202585301965,0.000977652171805945,0.0232990968072961,0.019868908129459,"CCNB1/IGF1/ADRA1A/MEIS1/PRKG1/AKAP6/TBX5/COL14A1/ACACB/NKX2-5/ERBB4/YAP1",12
"GO:0032467","positive regulation of cytokinesis","8/768","51/18860",0.156862745098039,3.85212418300654,4.20210902931285,0.000982862769432716,0.0233078885322615,0.0198764055005838,"BIRC5/CDCA8/CDC6/SVIL/AURKB/KIF14/ECT2/INCENP",8
"GO:2000045","regulation of G1/S transition of mitotic cell cycle","17/768","178/18860",0.0955056179775281,2.3453593164794,3.71563682588062,0.000990164926163734,0.0233659507576089,0.0199259195667625,"FHL1/E2F1/RRM2/CDKN2A/EGFR/FGF10/STIL/CDC6/INHBA/KANK2/KIF14/EZH2/KLF4/PTPN6/CCNE1/FAM107A/MUC1",17
"GO:0000076","DNA replication checkpoint signaling","5/768","20/18860",0.25,6.13932291666667,4.73780416839529,0.00102849007691303,0.0241519572207771,0.0205962069317628,"CLSPN/CDC6/TICRR/TIMELESS/CDT1",5
"GO:1903034","regulation of response to wounding","17/768","179/18860",0.0949720670391061,2.33225675046555,3.68986974447544,0.0010536978524512,0.0245485877538794,0.0209344438895611,"WNT4/SPP1/IL33/MMRN1/MYLK/PDGFRA/PRKG1/CAV1/TFPI/KLF4/DUOX1/PTPN6/SERPINB2/PLAT/SIGLEC10/PLAU/PROS1",17
"GO:0000910","cytokinesis","18/768","195/18860",0.0923076923076923,2.26682692307692,3.66367755510065,0.0010583976735638,0.0245485877538794,0.0209344438895611,"BIRC5/PLK1/IQGAP3/CDCA8/CDC6/SVIL/AURKB/AURKA/KIF14/SNX33/ECT2/SPART/INCENP/CENPA/STMN1/PRC1/ESPL1/KIF4A",18
"GO:0060828","regulation of canonical Wnt signaling pathway","23/768","278/18860",0.0827338129496403,2.03171837529976,3.57054068763232,0.00106067849040443,0.0245485877538794,0.0209344438895611,"DAAM2/EGFR/IGFBP6/FGF10/IGFBP4/CTHRC1/SEMA5A/WLS/ADGRA2/DKK2/ASPM/CDH2/CAV1/MCC/SOSTDC1/DKK1/DKK3/BAMBI/SOX4/NKX2-5/GLI3/YAP1/RBMS3",23
"GO:0060411","cardiac septum morphogenesis","10/768","77/18860",0.12987012987013,3.18925865800866,3.96603561622423,0.00110031267528128,0.0253436303211841,0.0216124370263525,"SOX11/SLIT2/SLIT3/CITED2/TBX5/SOX4/PARVA/DNAH11/FGFRL1/NKX2-5",10
"GO:0002695","negative regulation of leukocyte activation","19/768","212/18860",0.089622641509434,2.20088934748428,3.62285909629211,0.00110875729228814,0.0253436303211841,0.0216124370263525,"SOX11/CDKN2A/IL4I1/INHBA/HMGB3/ILDR2/IL20RB/DLG5/CD37/HAVCR2/PTPN6/FER/LAG3/LAPTM5/PLA2G2D/GLI3/SPN/CSK/FOXJ1",19
"GO:0030198","extracellular matrix organization","26/768","331/18860",0.0785498489425982,1.92897155085599,3.51307216567165,0.00111082384664932,0.0253436303211841,0.0216124370263525,"COL4A6/ITGA8/THSD4/HPSE2/ADAMTS14/DPT/SPINK5/COL11A1/LTBP4/ANTXR2/ZNF469/OLFML2A/MFAP4/PDGFRA/LAMA2/ADAMTS15/COL14A1/CAV1/ADAMTSL2/EGFLAM/FLRT2/ADAMTSL5/MMP9/CARMIL2/P3H4/ADAMTS5",26
"GO:0045926","negative regulation of growth","20/768","229/18860",0.0873362445414847,2.14474163027656,3.59090392653639,0.00114292358173948,0.0259149189570186,0.0220996182040043,"FHL1/SLIT2/CDKN2A/SEMA3G/SPP1/SLIT3/IGFBP5/TRIM46/SEMA5A/INHBA/MEG3/HYAL1/BST2/NPR1/TBX5/SPART/RERG/PSRC1/ACVRL1/STC2",20
"GO:0003338","metanephros morphogenesis","6/768","30/18860",0.2,4.91145833333333,4.41744169849039,0.00114837976422093,0.0259149189570186,0.0220996182040043,"KIF26B/WNT4/FGF10/SIX2/STAT1/FOXJ1",6
"GO:1901568","fatty acid derivative metabolic process","11/768","91/18860",0.120879120879121,2.96846382783883,3.87814656743315,0.00115752530466097,0.0259149189570186,0.0220996182040043,"CYP4F12/THEM5/ACSBG1/ELOVL3/ABCD1/DGAT2/GGT1/NUDT8/ALDH3A2/AWAT1/CYP4F3",11
"GO:0043062","extracellular structure organization","26/768","332/18860",0.0783132530120482,1.92316139558233,3.49646396407353,0.00116004279267617,0.0259149189570186,0.0220996182040043,"COL4A6/ITGA8/THSD4/HPSE2/ADAMTS14/DPT/SPINK5/COL11A1/LTBP4/ANTXR2/ZNF469/OLFML2A/MFAP4/PDGFRA/LAMA2/ADAMTS15/COL14A1/CAV1/ADAMTSL2/EGFLAM/FLRT2/ADAMTSL5/MMP9/CARMIL2/P3H4/ADAMTS5",26
"GO:0042445","hormone metabolic process","21/768","246/18860",0.0853658536585366,2.09635416666667,3.56611398822089,0.00116277991165684,0.0259149189570186,0.0220996182040043,"WNT4/ALDH1A2/SPP1/ESR1/INHBA/RDH12/DGAT2/PCSK2/PDGFRA/DUOXA1/CEL/ADH4/TIPARP/DUOX1/SRD5A3/DKK3/ANPEP/AKR1C1/STC2/HSD3B1/ADH1B",21
"GO:0007565","female pregnancy","18/768","197/18860",0.0913705583756345,2.24381345177665,3.61571578442842,0.00118950009193094,0.0263882647122375,0.022503276053993,"TEAD4/WNT4/SPP1/ESR1/PAPPA/IGFBP5/FBN2/PGR/IL11RA/CITED2/HAVCR2/DSG1/FOSB/PTGIS/TPPP3/MMP9/PARP1/STC2",18
"GO:0007188","adenylate cyclase-modulating G protein-coupled receptor signaling pathway","23/768","281/18860",0.0818505338078292,2.01002743179122,3.51456688309945,0.00122374393051917,0.0270234095482537,0.0230449122598975,"CXCL9/ADM2/ADGRL3/ADGRD1/ADCY4/CXCL10/PSAPL1/ADRA1A/PTH1R/PTGFR/CXCL12/C5AR1/RAPGEF3/ADCY5/AKAP6/AKAP12/LPAR1/PDE2A/GABBR2/GRIK3/PALM/PLN/ARRDC3",23
"GO:0060047","heart contraction","22/768","265/18860",0.0830188679245283,2.03871855345912,3.50848307124363,0.00129037298872941,0.0283646372956318,0.0241886789523898,"DES/ADM2/SCN7A/ATP1A2/HSPB7/CACNA1G/GSTM2/ADRA1A/FXYD1/HOPX/JPH2/POPDC2/TBX5/CAV1/ANK2/CACNB2/SLC4A3/TRPC1/PLN/SCN4B/NKX2-5/TPM1",22
"GO:0035335","peptidyl-tyrosine dephosphorylation","5/768","21/18860",0.238095238095238,5.84697420634921,4.57876214505049,0.00130505673538789,0.0283932395067913,0.0242130702286065,"PTPRZ1/PTPN13/PTPN6/TNS2/DUSP1",5
"GO:0051447","negative regulation of meiotic cell cycle","5/768","21/18860",0.238095238095238,5.84697420634921,4.57876214505049,0.00130505673538789,0.0283932395067913,0.0242130702286065,"PKMYT1/OVOL1/KNL1/DUSP1/TRIP13",5
"GO:0033559","unsaturated fatty acid metabolic process","13/768","121/18860",0.107438016528926,2.63838670798898,3.72505377165939,0.00130936833620849,0.0283932395067913,0.0242130702286065,"CYP4F12/GSTM2/ELOVL3/CTHRC1/ABCD1/PTGDS/ALOX12B/SCD/PTGIS/AWAT1/CYP4F3/AKR1C1/CES2",13
"GO:0034508","centromere complex assembly","6/768","31/18860",0.193548387096774,4.75302419354839,4.30868985356348,0.00137556428965958,0.0296949169974046,0.0253231094154939,"CENPN/CENPF/HJURP/CENPA/DLGAP5/CENPI",6
"GO:0060421","positive regulation of heart growth","7/768","42/18860",0.166666666666667,4.09288194444444,4.13426115707961,0.00140352123569431,0.0301631751278233,0.0257224286616909,"CCNB1/IGF1/AKAP6/TBX5/ACACB/ERBB4/YAP1",7
"GO:1902749","regulation of cell cycle G2/M phase transition","13/768","122/18860",0.10655737704918,2.61676058743169,3.69114122961426,0.00141225760092784,0.0302146260824138,0.0257663047955336,"PLK1/FHL1/PKMYT1/CCNB1/CLSPN/DTL/CENPF/CDC6/AURKB/AURKA/CDC25A/KIF14/TICRR",13
"GO:0007156","homophilic cell adhesion via plasma membrane adhesion molecules","16/768","168/18860",0.0952380952380952,2.33878968253968,3.59116832813944,0.00141846811271822,0.0302146260824138,0.0257663047955336,"CELSR3/DSC1/HMCN2/CADM3/FAT2/DSG3/CDHR1/FAT3/FAT4/CDH2/DSG1/PCDH20/CEACAM6/PCDH17/CDH13/DSC3",16
"GO:0007517","muscle organ development","28/768","373/18860",0.0750670241286863,1.84344280607685,3.38979538749924,0.00144876200193899,0.0305171599633446,0.0260242983965722,"SOX11/DES/MYOCD/FHL1/ITGA7/TEAD4/IGF1/H1-5/CXCL10/PITX1/COL11A1/CENPF/SVIL/MYLK/JPH2/LAMA2/MYORG/CITED2/POPDC2/USP2/CAV1/BARX2/ATF3/PAX5/FGFRL1/TAGLN/NKX2-5/TPM1",28
"GO:0007144","female meiosis I","4/768","13/18860",0.307692307692308,7.55608974358974,4.87182973098933,0.00145295000886231,0.0305171599633446,0.0260242983965722,"AURKA/BRME1/CCNB2/TRIP13",4
"GO:0043568","positive regulation of insulin-like growth factor receptor signaling pathway","4/768","13/18860",0.307692307692308,7.55608974358974,4.87182973098933,0.00145295000886231,0.0305171599633446,0.0260242983965722,"IGF1/IGFBP5/IGFBP4/MYORG",4
"GO:0044703","multi-organism reproductive process","19/768","217/18860",0.0875576036866359,2.15017761136713,3.51102181209989,0.00145802799991052,0.0305171599633446,0.0260242983965722,"TEAD4/WNT4/SPP1/ESR1/PAPPA/IGFBP5/FBN2/PGR/PTGFR/IL11RA/CITED2/HAVCR2/DSG1/FOSB/PTGIS/TPPP3/MMP9/PARP1/STC2",19
"GO:0051017","actin filament bundle assembly","16/768","169/18860",0.0946745562130177,2.32495069033531,3.56470380803324,0.00150922099934544,0.0310627736089774,0.026489584561479,"SORBS1/SYNPO2/MYOC/WNT4/PIK3R1/ARHGAP6/MYL9/RAPGEF3/LPAR1/RHPN1/LIMD2/DLC1/STMN1/ARHGEF15/TPM1/FAM107A",16
"GO:0048704","embryonic skeletal system morphogenesis","11/768","94/18860",0.117021276595745,2.87372562056738,3.75215453458933,0.00151296533678513,0.0310627736089774,0.026489584561479,"SOX11/HOXC11/COL11A1/HYAL1/PDGFRA/OSR2/SIX2/PAX5/HOXC9/CHST11/GLI3",11
"GO:0010927","cellular component assembly involved in morphogenesis","14/768","138/18860",0.101449275362319,2.49131944444444,3.62268651000912,0.00151635891111543,0.0310627736089774,0.026489584561479,"FLNC/LMOD1/PGM5/RFX2/LDB3/MYL9/PDGFRA/TNNT1/ANK2/PLLP/KNL1/PLN/NKX2-5/TPM1",14
"GO:0032989","cellular anatomical entity morphogenesis","14/768","138/18860",0.101449275362319,2.49131944444444,3.62268651000912,0.00151635891111543,0.0310627736089774,0.026489584561479,"FLNC/LMOD1/PGM5/RFX2/LDB3/MYL9/PDGFRA/TNNT1/ANK2/PLLP/KNL1/PLN/NKX2-5/TPM1",14
"GO:0035270","endocrine system development","14/768","138/18860",0.101449275362319,2.49131944444444,3.62268651000912,0.00151635891111543,0.0310627736089774,0.026489584561479,"MNX1/ONECUT2/WNT4/ALDH1A2/FGF10/PITX1/PAX6/PDGFRA/NKX2-2/CDH2/CITED2/DKK3/SOX4/NKX2-5",14
"GO:0110020","regulation of actomyosin structure organization","12/768","109/18860",0.110091743119266,2.70355504587156,3.67497047266869,0.00160601478904717,0.0325338081092309,0.0277440473238144,"MYOC/WNT4/PIK3R1/ARHGAP6/RAPGEF3/LPAR1/ECT2/RHPN1/DLC1/STMN1/ARHGEF15/TPM1",12
"GO:0001953","negative regulation of cell-matrix adhesion","7/768","43/18860",0.162790697674419,3.99769864341085,4.054559308127,0.00161846795889904,0.0325338081092309,0.0277440473238144,"MYOC/CDKN2A/PIK3R1/ARHGAP6/ACVRL1/DLC1/FAM107A",7
"GO:0007143","female meiotic nuclear division","7/768","43/18860",0.162790697674419,3.99769864341085,4.054559308127,0.00161846795889904,0.0325338081092309,0.0277440473238144,"PLK1/AURKA/TOP2A/BRME1/NCAPH/CCNB2/TRIP13",7
"GO:0072202","cell differentiation involved in metanephros development","5/768","22/18860",0.227272727272727,5.58120265151515,4.42965699299715,0.00163286106273892,0.0325338081092309,0.0277440473238144,"WNT4/CD34/SIX2/STAT1/YAP1",5
"GO:0003298","physiological muscle hypertrophy","6/768","32/18860",0.1875,4.6044921875,4.20449299871543,0.00163547602044742,0.0325338081092309,0.0277440473238144,"IGF1/ADRA1A/MEIS1/PRKG1/AKAP6/COL14A1",6
"GO:0003301","physiological cardiac muscle hypertrophy","6/768","32/18860",0.1875,4.6044921875,4.20449299871543,0.00163547602044742,0.0325338081092309,0.0277440473238144,"IGF1/ADRA1A/MEIS1/PRKG1/AKAP6/COL14A1",6
"GO:0061049","cell growth involved in cardiac muscle cell development","6/768","32/18860",0.1875,4.6044921875,4.20449299871543,0.00163547602044742,0.0325338081092309,0.0277440473238144,"IGF1/ADRA1A/MEIS1/PRKG1/AKAP6/COL14A1",6
"GO:0055017","cardiac muscle tissue growth","11/768","95/18860",0.115789473684211,2.84347587719298,3.71126211252603,0.00164959632093555,0.0326796571563117,0.0278684238754544,"CCNB1/IGF1/ADRA1A/MEIS1/PRKG1/AKAP6/TBX5/COL14A1/NKX2-5/ERBB4/YAP1",11
"GO:0007369","gastrulation","18/768","203/18860",0.0886699507389163,2.17749384236453,3.47522084545537,0.00166864873386774,0.0329216188722922,0.0280747629943235,"ITGA8/ITGA7/COL11A1/SOX7/WLS/INHBA/COL7A1/PLPP3/ATOH8/ETS2/LBX2/COL8A1/SIX2/EPHA2/KLF4/DKK1/DUSP1/MMP9",18
"GO:0022408","negative regulation of cell-cell adhesion","19/768","220/18860",0.0863636363636364,2.12085700757576,3.44536508654285,0.00170941955536763,0.0335883499573053,0.0286433351919818,"EPCAM/CDKN2A/IL4I1/ILDR2/IL20RB/CXCL12/DLG5/PRKG1/CD37/HAVCR2/KLF4/PTPN6/LAG3/LAPTM5/PLA2G2D/GLI3/SPN/CSK/FOXJ1",19
"GO:0072330","monocarboxylic acid biosynthetic process","20/768","237/18860",0.0843881856540084,2.0723452883263,3.42279311736167,0.00172878226601778,0.0338307228805269,0.0288500249784739,"PER2/ALDH1A2/SDS/MTHFD2/GSTM2/ACSBG1/ELOVL3/CTHRC1/ABCD1/SHMT2/PTGDS/GATM/ALOX12B/SCD/KMO/ACACB/PTGIS/TRIB3/MLXIPL/ACADVL",20
"GO:0034728","nucleosome organization","14/768","140/18860",0.1,2.45572916666667,3.5619541912645,0.00173933917843454,0.0338995093319186,0.0289086844061143,"H3C14/H1-5/H3C10/MCM2/H3C2/H2BC17/CHAF1B/H3C11/H2BC11/H3C12/ASF1B/H3C7/H2BC15/H3C13",14
"GO:0001570","vasculogenesis","10/768","82/18860",0.121951219512195,2.99479166666667,3.72972193607194,0.00178904587279593,0.0343119998743547,0.0292604463975649,"MYOCD/CD34/NTRK2/CITED2/TBX5/CAV1/EPHA2/TIPARP/NKX2-5/YAP1",10
"GO:0031424","keratinization","10/768","82/18860",0.121951219512195,2.99479166666667,3.72972193607194,0.00178904587279593,0.0343119998743547,0.0292604463975649,"CERS3/KRT77/KRT6B/PPL/KRT5/LORICRIN/KRT79/TGM1/KRT17/KRT4",10
"GO:0032102","negative regulation of response to external stimulus","32/768","452/18860",0.0707964601769911,1.73856932153392,3.27456661225674,0.00179086256721342,0.0343119998743547,0.0292604463975649,"SLIT2/WNT4/IGF1/SPP1/SPINK5/IL22RA1/GPR17/SEMA5A/IL33/MMRN1/MAPKBP1/IL20RB/PDGFRA/AURKB/PRKG1/ISG15/HAVCR2/TFPI/KLF4/PTGIS/PTPN6/OAS3/SERPINB2/PLAT/SIGLEC10/USP18/DUSP1/PARP1/PLAU/CXCL17/SPN/PROS1",32
"GO:0032465","regulation of cytokinesis","11/768","96/18860",0.114583333333333,2.81385633680556,3.67089905135884,0.00179614124809667,0.0343119998743547,0.0292604463975649,"BIRC5/PLK1/CDCA8/CDC6/SVIL/AURKB/AURKA/KIF14/ECT2/INCENP/PRC1",11
"GO:0045104","intermediate filament cytoskeleton organization","11/768","96/18860",0.114583333333333,2.81385633680556,3.67089905135884,0.00179614124809667,0.0343119998743547,0.0292604463975649,"DES/KRT77/KRT6B/PPL/KRT10/KRT5/KRT79/KRT13/NES/KRT17/KRT4",11
"GO:0048738","cardiac muscle tissue development","21/768","255/18860",0.0823529411764706,2.02236519607843,3.38655365177785,0.00181523685613119,0.0345397242111287,0.0294546442226405,"MYOCD/CCNB1/CACNA1G/IGF1/ALDH1A2/COL11A1/ADRA1A/MEIS1/HOPX/JPH2/PDGFRA/PRKG1/AKAP6/TBX5/COL14A1/DKK1/PLN/NKX2-5/ERBB4/TPM1/YAP1",21
"GO:0014808","release of sequestered calcium ion into cytosol by sarcoplasmic reticulum","7/768","44/18860",0.159090909090909,3.90684185606061,3.97723032242492,0.00185816833832871,0.0351262866486258,0.0299548505301731,"ATP1A2/GSTM2/JPH2/RYR3/AKAP6/ANK2/PLN",7
"GO:0048565","digestive tract development","14/768","141/18860",0.099290780141844,2.43831264775414,3.53197958231143,0.00186065706177806,0.0351262866486258,0.0299548505301731,"SOX11/MYOCD/TP63/CCNB1/EGFR/ALDH1A2/NKX3-2/FGF10/PDGFRA/NKX2-2/SIX2/CLMP/GLI3/YAP1",14
"GO:0061640","cytoskeleton-dependent cytokinesis","13/768","126/18860",0.103174603174603,2.53368882275132,3.55880275314084,0.00189335851784187,0.0356040152534796,0.0303622459686813,"BIRC5/PLK1/IQGAP3/CDCA8/AURKB/SNX33/ECT2/SPART/INCENP/CENPA/STMN1/ESPL1/KIF4A",13
"GO:0061572","actin filament bundle organization","16/768","173/18860",0.092485549132948,2.27119460500963,3.4606840437542,0.00192258011431724,0.0360128430751876,0.0307108844801853,"SORBS1/SYNPO2/MYOC/WNT4/PIK3R1/ARHGAP6/MYL9/RAPGEF3/LPAR1/RHPN1/LIMD2/DLC1/STMN1/ARHGEF15/TPM1/FAM107A",16
"GO:0045103","intermediate filament-based process","11/768","97/18860",0.11340206185567,2.78484750859107,3.63105222987249,0.00195312673758266,0.0361789061800313,0.030852499093023,"DES/KRT77/KRT6B/PPL/KRT10/KRT5/KRT79/KRT13/NES/KRT17/KRT4",11
"GO:1902806","regulation of cell cycle G1/S phase transition","18/768","206/18860",0.087378640776699,2.14578276699029,3.40679938923539,0.00196372880843523,0.0361789061800313,0.030852499093023,"FHL1/E2F1/TP63/RRM2/CDKN2A/EGFR/FGF10/STIL/CDC6/INHBA/KANK2/KIF14/EZH2/KLF4/PTPN6/CCNE1/FAM107A/MUC1",18
"GO:2000241","regulation of reproductive process","18/768","206/18860",0.087378640776699,2.14578276699029,3.40679938923539,0.00196372880843523,0.0361789061800313,0.030852499093023,"PKMYT1/CDC20/WNT4/IGF1/ESR1/DEFB1/INHBA/PTGDS/AURKA/CDC25A/ASPM/OVOL1/CITED2/PLAT/KNL1/DUSP1/TRIP13/TACR2",18
"GO:0061029","eyelid development in camera-type eye","4/768","14/18860",0.285714285714286,7.01636904761905,4.63965345521561,0.00196902231391113,0.0361789061800313,0.030852499093023,"SOX11/EGFR/INHBA/OSR2",4
"GO:1901993","regulation of meiotic cell cycle phase transition","4/768","14/18860",0.285714285714286,7.01636904761905,4.63965345521561,0.00196902231391113,0.0361789061800313,0.030852499093023,"PKMYT1/CDC25A/OVOL1/KNL1",4
"GO:0061982","meiosis I cell cycle process","14/768","142/18860",0.0985915492957746,2.42114143192488,3.50226014917428,0.00198891331385297,0.0364054322923506,0.031045675101167,"PLK1/PKMYT1/CDC20/AURKA/TOP2A/CDC25A/SUN1/BRME1/KNL1/CCNB2/CCNE1/TRIP13/P3H4/ESPL1",14
"GO:0006935","chemotaxis","33/768","474/18860",0.069620253164557,1.7096848628692,3.2240942999263,0.00200584156518751,0.0365128950983395,0.0311373167917093,"CXCL9/SLIT2/SEMA3G/FGF10/CXCL10/PIK3C2G/SLIT3/DEFB1/SEMA5A/PLD1/ADGRA2/CCL27/CXCL12/C5AR1/PDGFRA/CYRIB/SEMA6A/RAC3/LPAR1/EPHA2/FLRT2/ECSCR/SBDS/FER/DUSP1/CDH13/FOSL1/PARVA/VAV3/PLAU/CXCL17/SPN/IL16",33
"GO:0086012","membrane depolarization during cardiac muscle cell action potential","5/768","23/18860",0.217391304347826,5.33854166666667,4.28941901377256,0.00201728318460589,0.0365128950983395,0.0311373167917093,"ATP1A2/CACNA1G/ANK2/CACNB2/SCN4B",5
"GO:0032231","regulation of actin filament bundle assembly","12/768","112/18860",0.107142857142857,2.63113839285714,3.56713051484066,0.00202711751129026,0.0365128950983395,0.0311373167917093,"SYNPO2/MYOC/WNT4/PIK3R1/ARHGAP6/RAPGEF3/LPAR1/RHPN1/DLC1/STMN1/ARHGEF15/TPM1",12
"GO:0042303","molting cycle","13/768","127/18860",0.102362204724409,2.51373851706037,3.52651476359349,0.00203270791158184,0.0365128950983395,0.0311373167917093,"DSC1/TP63/EGFR/PER1/FGF10/SPINK5/IGFBP5/INHBA/FOXN1/LDB2/SOSTDC1/DKK1/KRT17",13
"GO:0042633","hair cycle","13/768","127/18860",0.102362204724409,2.51373851706037,3.52651476359349,0.00203270791158184,0.0365128950983395,0.0311373167917093,"DSC1/TP63/EGFR/PER1/FGF10/SPINK5/IGFBP5/INHBA/FOXN1/LDB2/SOSTDC1/DKK1/KRT17",13
"GO:0051445","regulation of meiotic cell cycle","9/768","70/18860",0.128571428571429,3.15736607142857,3.72568492937099,0.00206746249525676,0.0369991243574946,0.0315519613832963,"PKMYT1/CDC20/WNT4/CDC25A/ASPM/OVOL1/KNL1/DUSP1/TRIP13",9
"GO:0051492","regulation of stress fiber assembly","11/768","98/18860",0.112244897959184,2.75643069727891,3.59170898802511,0.00212109489587253,0.0376787853458685,0.0321315598908638,"MYOC/WNT4/PIK3R1/ARHGAP6/RAPGEF3/LPAR1/RHPN1/DLC1/STMN1/ARHGEF15/TPM1",11
"GO:0055006","cardiac cell development","11/768","98/18860",0.112244897959184,2.75643069727891,3.59170898802511,0.00212109489587253,0.0376787853458685,0.0321315598908638,"CCNB1/IGF1/ADRA1A/MEIS1/INHBA/PDGFRA/PRKG1/AKAP6/TBX5/COL14A1/NKX2-5",11
"GO:0042330","taxis","33/768","476/18860",0.069327731092437,1.70250131302521,3.19835938421653,0.00214501369565031,0.037963587981105,0.0323744327129884,"CXCL9/SLIT2/SEMA3G/FGF10/CXCL10/PIK3C2G/SLIT3/DEFB1/SEMA5A/PLD1/ADGRA2/CCL27/CXCL12/C5AR1/PDGFRA/CYRIB/SEMA6A/RAC3/LPAR1/EPHA2/FLRT2/ECSCR/SBDS/FER/DUSP1/CDH13/FOSL1/PARVA/VAV3/PLAU/CXCL17/SPN/IL16",33
"GO:0006631","fatty acid metabolic process","30/768","421/18860",0.0712589073634204,1.7499257719715,3.2061755309904,0.00222482485698878,0.0392318932657289,0.0334560128870494,"CYP4F12/PER2/CYP4B1/GSTM2/THEM5/ACSBG1/ELOVL3/CTHRC1/ABCD1/GLYATL2/DGAT2/PTGDS/GGT1/PM20D1/NUDT8/ALDH3A2/ALOX12B/IRS1/CAV1/ADH4/SCD/ACACB/PTGIS/AWAT1/CYP4F3/TRIB3/MLXIPL/AKR1C1/CES2/ACADVL",30
"GO:0031069","hair follicle morphogenesis","6/768","34/18860",0.176470588235294,4.33363970588235,4.00844327672631,0.00226531118359393,0.0396553019557134,0.0338170856115458,"DSC1/TP63/FGF10/IGFBP5/SOSTDC1/KRT17",6
"GO:0051497","negative regulation of stress fiber assembly","6/768","34/18860",0.176470588235294,4.33363970588235,4.00844327672631,0.00226531118359393,0.0396553019557134,0.0338170856115458,"MYOC/PIK3R1/ARHGAP6/RHPN1/DLC1/STMN1",6
"GO:0051781","positive regulation of cell division","11/768","99/18860",0.111111111111111,2.72858796296296,3.55285710615169,0.00230060312310463,0.0399203249826045,0.0340430908604635,"BIRC5/CDCA8/CDC6/SVIL/AURKB/GAREM1/KIF14/HDGF/ECT2/INCENP/OSM",11
"GO:0061337","cardiac conduction","11/768","99/18860",0.111111111111111,2.72858796296296,3.55285710615169,0.00230060312310463,0.0399203249826045,0.0340430908604635,"ATP1A2/CACNA1G/TBX5/CAV1/ANK2/CACNB2/SLC4A3/TRPC1/PLN/SCN4B/NKX2-5",11
"GO:0007411","axon guidance","20/768","243/18860",0.0823045267489712,2.02117626886145,3.30100096909743,0.00232026390783618,0.0399203249826045,0.0340430908604635,"CELSR3/TUBB3/HMCN2/ABLIM1/SLIT2/SEMA3G/EPHB6/ARHGEF25/PAX6/NTN3/SLIT3/SEMA5A/CXCL12/LAMA2/SEMA6A/RAC3/RELN/FLRT2/DPYSL5/GLI3",20
"GO:0030326","embryonic limb morphogenesis","13/768","129/18860",0.10077519379845,2.47476582687338,3.46285326849118,0.00233679343297598,0.0399203249826045,0.0340430908604635,"TP63/ALDH1A2/PITX1/HOXC11/ZBTB16/EN1/FBN2/OSR2/TBX5/DKK1/HOXC10/CHST11/GLI3",13
"GO:0035113","embryonic appendage morphogenesis","13/768","129/18860",0.10077519379845,2.47476582687338,3.46285326849118,0.00233679343297598,0.0399203249826045,0.0340430908604635,"TP63/ALDH1A2/PITX1/HOXC11/ZBTB16/EN1/FBN2/OSR2/TBX5/DKK1/HOXC10/CHST11/GLI3",13
"GO:0090092","regulation of transmembrane receptor protein serine/threonine kinase signaling pathway","25/768","331/18860",0.0755287009063444,1.85478033736153,3.23250481479354,0.00233825029474008,0.0399203249826045,0.0340430908604635,"SOX11/CIDEA/MYOCD/ITGA8/ONECUT2/FGF10/LTBP4/FBN2/INHBA/ATOH8/CITED2/CAV1/ADAMTSL2/PRDM16/SPART/SOSTDC1/DKK1/MAGI2/DKK3/BAMBI/NOMO1/VWC2/PARP1/ACVRL1/CHST11",25
"GO:0051279","regulation of release of sequestered calcium ion into cytosol","10/768","85/18860",0.117647058823529,2.8890931372549,3.59641260430272,0.00234687603441097,0.0399203249826045,0.0340430908604635,"CXCL9/ATP1A2/CXCL10/GSTM2/JPH2/AKAP6/ANK2/PTPN6/TRPC1/PLN",10
"GO:0003279","cardiac septum development","12/768","114/18860",0.105263157894737,2.58497807017544,3.4971803357636,0.00235508356773155,0.0399203249826045,0.0340430908604635,"SOX11/SLIT2/SLIT3/CITED2/TBX5/ANK2/PDE2A/SOX4/PARVA/DNAH11/FGFRL1/NKX2-5",12
"GO:0048144","fibroblast proliferation","12/768","114/18860",0.105263157894737,2.58497807017544,3.4971803357636,0.00235508356773155,0.0399203249826045,0.0340430908604635,"IFI30/E2F1/CCNB1/EGFR/IGF1/FGF10/ESR1/CDC6/PDGFRA/CAV1/CCNA2/FTH1",12
"GO:0060412","ventricular septum morphogenesis","7/768","46/18860",0.152173913043478,3.73697916666667,3.82918622910694,0.00241935719930319,0.0407230264246347,0.0347276153010027,"SOX11/SLIT2/SLIT3/CITED2/SOX4/FGFRL1/NKX2-5",7
"GO:1903514","release of sequestered calcium ion into cytosol by endoplasmic reticulum","7/768","46/18860",0.152173913043478,3.73697916666667,3.82918622910694,0.00241935719930319,0.0407230264246347,0.0347276153010027,"ATP1A2/GSTM2/JPH2/RYR3/AKAP6/ANK2/PLN",7
"GO:0097485","neuron projection guidance","20/768","244/18860",0.0819672131147541,2.01289275956284,3.28104242087357,0.00243377119265833,0.040816600179131,0.0348074127432294,"CELSR3/TUBB3/HMCN2/ABLIM1/SLIT2/SEMA3G/EPHB6/ARHGEF25/PAX6/NTN3/SLIT3/SEMA5A/CXCL12/LAMA2/SEMA6A/RAC3/RELN/FLRT2/DPYSL5/GLI3",20
"GO:0044706","multi-multicellular organism process","19/768","227/18860",0.0837004405286344,2.05545613069016,3.296160678864,0.00244187387860194,0.040816600179131,0.0348074127432294,"TEAD4/WNT4/SPP1/ESR1/PAPPA/IGFBP5/FBN2/PGR/PTGFR/IL11RA/CITED2/HAVCR2/DSG1/FOSB/PTGIS/TPPP3/MMP9/PARP1/STC2",19
"GO:0060070","canonical Wnt signaling pathway","25/768","333/18860",0.0750750750750751,1.84364051551552,3.20017438822932,0.00253346966605323,0.0422011175514888,0.0359880957844021,"DAAM2/EGFR/WNT4/IGFBP6/FGF10/IGFBP4/CTHRC1/SEMA5A/WLS/ADGRA2/DKK2/ASPM/CDH2/CAV1/KLF4/MCC/SOSTDC1/DKK1/DKK3/BAMBI/SOX4/NKX2-5/GLI3/YAP1/RBMS3",25
"GO:0090235","regulation of metaphase plate congression","4/768","15/18860",0.266666666666667,6.54861111111111,4.429232690186,0.00259921474383838,0.0431469647477171,0.0367946914735741,"BIRC5/CDCA8/AURKB/INCENP",4
"GO:0016042","lipid catabolic process","26/768","352/18860",0.0738636363636364,1.81389086174242,3.17580925033996,0.00262439523293255,0.043415253097379,0.0370234813110398,"CIDEA/CYP4F12/CLPSL1/SPP1/CLPS/ABCD1/PLD1/APOB/GLYATL2/PLPP3/GPLD1/CEL/NUDT8/IRS1/PLCD1/ACACB/PNPLA5/SPART/CYP4F3/SRD5A3/PNPLA1/PAFAH1B3/ABHD12B/PLA2G2D/PLPP1/ACADVL",26
"GO:0048566","embryonic digestive tract development","6/768","35/18860",0.171428571428571,4.20982142857143,3.91601234771396,0.00264133854989161,0.0434917408675273,0.0370887082376745,"SOX11/ALDH1A2/FGF10/PDGFRA/SIX2/GLI3",6
"GO:0007189","adenylate cyclase-activating G protein-coupled receptor signaling pathway","17/768","195/18860",0.0871794871794872,2.14089209401709,3.29947262842345,0.00264708767639915,0.0434917408675273,0.0370887082376745,"CXCL9/ADM2/ADGRL3/ADGRD1/ADCY4/CXCL10/ADRA1A/PTH1R/PTGFR/CXCL12/RAPGEF3/ADCY5/AKAP6/LPAR1/PDE2A/PLN/ARRDC3",17
"GO:0001952","regulation of cell-matrix adhesion","13/768","131/18860",0.099236641221374,2.43698314249364,3.40037392410709,0.00267724917561734,0.0438376786783057,0.0373837156638297,"MYOC/CDKN2A/ONECUT2/WNT4/PIK3R1/ARHGAP6/PLPP3/CEACAM6/CDH13/ACVRL1/DLC1/PLAU/FAM107A",13
"GO:0021517","ventral spinal cord development","7/768","47/18860",0.148936170212766,3.65746897163121,3.75824211011428,0.00274473745399444,0.0447903935712856,0.0381961679592447,"MNX1/LONRF2/PAX6/NKX2-2/RELN/HOXC10/GLI3",7
"GO:0072331","signal transduction by p53 class mediator","17/768","196/18860",0.086734693877551,2.12996917517007,3.27633966688828,0.0027918980348909,0.0454060714188,0.0387212031866093,"E2F1/GTSE1/TP63/CDKN2A/FOXM1/AURKB/AURKA/PLA2R1/CHEK2/E2F2/USP2/BOP1/PPP1R15A/BDKRB2/SOX4/MLXIPL/MUC1",17
"GO:0010810","regulation of cell-substrate adhesion","19/768","230/18860",0.0826086956521739,2.02864583333333,3.23385104976719,0.00282813630007226,0.0458405661567268,0.0390917298255602,"MYOC/CDKN2A/ONECUT2/WNT4/LIMS2/PIK3R1/ARHGAP6/PLPP3/COL8A1/RAC3/EGFLAM/CEACAM6/VWC2/CDH13/ACVRL1/DLC1/PLAU/CSPG5/FAM107A",19
"GO:0051928","positive regulation of calcium ion transport","11/768","102/18860",0.107843137254902,2.64833537581699,3.43913362396095,0.00291416664492389,0.0470765041230323,0.0401457079307778,"CXCL9/CXCL10/MYLK/CXCL12/JPH2/AKAP6/CAV1/ANK2/CACNB2/TRPC1/TRPC6",11
"GO:0060444","branching involved in mammary gland duct morphogenesis","5/768","25/18860",0.2,4.91145833333333,4.03201882492564,0.00297788739281256,0.047944982973243,0.0408863257594401,"WNT4/AREG/ESR1/PGR/EPHA2",5
"GO:0060420","regulation of heart growth","9/768","74/18860",0.121621621621622,2.98669763513514,3.52798822057234,0.00304305089436288,0.0487558950547758,0.0415778520354286,"CCNB1/IGF1/AKAP6/TBX5/COL14A1/ACACB/NKX2-5/ERBB4/YAP1",9
"GO:0030111","regulation of Wnt signaling pathway","26/768","356/18860",0.0730337078651685,1.79351006554307,3.11416256590489,0.00305606721963233,0.0487558950547758,0.0415778520354286,"TMEM132A/DAAM2/EGFR/IGFBP6/FGF10/IGFBP4/CTHRC1/SEMA5A/WLS/ADGRA2/PLPP3/DKK2/LBX2/ASPM/CDH2/CAV1/MCC/SOSTDC1/DKK1/DKK3/BAMBI/SOX4/NKX2-5/GLI3/YAP1/RBMS3",26
"GO:0001893","maternal placenta development","6/768","36/18860",0.166666666666667,4.09288194444444,3.8269720226735,0.00306227946376539,0.0487558950547758,0.0415778520354286,"SPP1/CITED2/PTGIS/TPPP3/PARP1/STC2",6
"GO:0016055","Wnt signaling pathway","33/768","487/18860",0.0677618069815195,1.66404645790554,3.05893013741568,0.00306876530984567,0.0487558950547758,0.0415778520354286,"CELSR3/TMEM132A/DAAM2/MYOC/EGFR/WNT4/IGFBP6/FGF10/IGFBP4/CTHRC1/SEMA5A/WLS/ADGRA2/PLPP3/DKK2/LBX2/ASPM/CDH2/RAC3/CAV1/KLF4/MCC/SOSTDC1/DKK1/CCNE1/MAGI2/DKK3/BAMBI/SOX4/NKX2-5/GLI3/YAP1/RBMS3",33
"GO:0014074","response to purine-containing compound","14/768","149/18860",0.0939597315436242,2.30739653243848,3.30102348660327,0.00310711827088993,0.0492028531449478,0.0419590071207435,"PER1/AREG/GSTM2/IGFBP5/VGF/RYR3/RAPGEF3/AKAP6/DUOX1/FOSB/PDE2A/STAT1/GPD1/DUSP1",14
