"SYMBOL","log2FoldChange","padj","has_FOXA1","n_miRNAs","top_miRNA","direction"
"SORBS1",-2.79001725808749,4.48881205796212e-11,TRUE,144,"hsa-let-7a-5p","Downregulated"
"CYP4F22",-5.22786713509238,2.33637309811701e-10,TRUE,17,"hsa-let-7a-5p","Downregulated"
"MYBL2",3.5172774242309,4.67182363385462e-10,TRUE,177,"hsa-let-7a-5p","Upregulated"
"PHYHIP",-4.13088410471037,5.79635315764053e-10,TRUE,84,"hsa-let-7a-5p","Downregulated"
"SYNPO2",-3.99959951354047,9.25581439172239e-10,TRUE,102,"hsa-let-7a-5p","Downregulated"
"CIDEA",-5.8309921138023,9.29003050086278e-10,TRUE,11,"hsa-let-7a-3p","Downregulated"
"TUBB3",3.70368395318139,1.00664435434397e-09,TRUE,44,"hsa-let-7a-5p","Upregulated"
"TK1",3.09297937932174,3.40181999016862e-09,TRUE,142,"hsa-let-7a-5p","Upregulated"
"COL4A6",-3.1762965503245,4.17212976934303e-09,TRUE,20,"hsa-let-7b-5p","Downregulated"
"HSPB6",-3.20001555696069,4.36816081927459e-09,TRUE,51,"hsa-let-7a-5p","Downregulated"
"MYOCD",-6.11287566722677,1.81653087896766e-08,TRUE,117,"hsa-let-7a-5p","Downregulated"
"MASP1",-4.77645678598499,1.81653087896766e-08,TRUE,26,"hsa-let-7a-5p","Downregulated"
"TP53AIP1",-3.36811775050957,2.16010051487083e-08,TRUE,1,"hsa-miR-335-5p","Downregulated"
"CYP4F12",-4.01755210738451,2.90930477121218e-08,TRUE,8,"hsa-let-7b-5p","Downregulated"
"MAOA",-3.30553610165568,3.77180800681986e-08,TRUE,62,"hsa-let-7a-5p","Downregulated"
"EPCAM",3.31030667645661,5.49302316155876e-08,TRUE,81,"hsa-let-7a-5p","Upregulated"
"DMKN",-4.4622597825836,5.85788594018225e-08,TRUE,78,"hsa-let-7a-5p","Downregulated"
"C14orf132",-2.66328039444384,5.85788594018225e-08,TRUE,67,"hsa-let-7a-5p","Downregulated"
"KIF26B",3.67198497044368,6.81288051032409e-08,TRUE,76,"hsa-let-7a-5p","Upregulated"
"PLK1",2.65937266013301,7.07969087060581e-08,TRUE,189,"hsa-let-7a-5p","Upregulated"
"SCN7A",-4.07871693800812,1.33451761000441e-07,TRUE,12,"hsa-miR-210-5p","Downregulated"
"FHL1",-3.47264035404067,1.78156236374123e-07,TRUE,140,"hsa-let-7a-5p","Downregulated"
"ATP1A2",-3.09219044472596,1.97149948905568e-07,TRUE,166,"hsa-let-7a-5p","Downregulated"
"ITGA8",-3.97662609528125,2.06219043011178e-07,TRUE,41,"hsa-let-7g-5p","Downregulated"
"ADAM33",-3.08923676589586,2.24047301362472e-07,TRUE,20,"hsa-let-7g-3p","Downregulated"
"DSC1",-6.96555514831171,2.24843782410153e-07,TRUE,19,"hsa-let-7a-5p","Downregulated"
"TWIST2",-3.07554633874927,2.31502353677759e-07,TRUE,10,"hsa-let-7b-5p","Downregulated"
"GFRA1",-3.25160640600271,3.37737661540085e-07,TRUE,151,"hsa-let-7a-3p","Downregulated"
"ITGA7",-2.2499815374583,3.46304580779749e-07,TRUE,79,"hsa-let-7a-5p","Downregulated"
"PKMYT1",3.20194226120647,4.77078993304234e-07,TRUE,109,"hsa-let-7b-5p","Upregulated"
"HMCN2",-4.2839715096269,5.17159617232125e-07,TRUE,10,"hsa-miR-146a-5p","Downregulated"
"E2F1",2.40994019281051,5.28815315346997e-07,TRUE,155,"hsa-let-7a-5p","Upregulated"
"CADM3",-3.22578413497267,5.39115279106547e-07,TRUE,92,"hsa-let-7a-5p","Downregulated"
"TNS4",-2.58821483269738,5.65800567499403e-07,TRUE,74,"hsa-let-7a-5p","Downregulated"
"THSD4",-2.51687242958167,6.11926569477263e-07,TRUE,151,"hsa-let-7a-5p","Downregulated"
"TONSL",2.42417719469035,6.17971448128271e-07,TRUE,119,"hsa-let-7a-5p","Upregulated"
"GREB1",-2.75134560457871,6.41867060948888e-07,TRUE,201,"hsa-let-7a-5p","Downregulated"
"GTSE1",3.32091853145123,7.74701965830963e-07,TRUE,77,"hsa-let-7b-5p","Upregulated"
"ABLIM1",-1.8196547662047,8.16421360116315e-07,TRUE,165,"hsa-let-7a-5p","Downregulated"
"IQCN",-2.12330865291838,8.5607049540243e-07,TRUE,21,"hsa-let-7b-5p","Downregulated"
"SBK1",2.58453915038615,9.33356721650754e-07,TRUE,156,"hsa-let-7d-5p","Upregulated"
"DAAM2",-1.8581444751837,9.35806731089073e-07,TRUE,104,"hsa-let-7a-5p","Downregulated"
"MYOC",-5.08288873127045,1.81545077199436e-06,TRUE,11,"hsa-let-7a-5p","Downregulated"
"CHPF",1.83305838670844,2.1841916396127e-06,TRUE,124,"hsa-let-7a-5p","Upregulated"
"XRCC2",5.14631059185803,2.22495179768233e-06,TRUE,127,"hsa-let-7a-5p","Upregulated"
"IFI6",2.71462849270837,2.66479388008475e-06,TRUE,56,"hsa-let-7a-5p","Upregulated"
"HSPB7",-3.39936761636846,2.68927619806918e-06,TRUE,27,"hsa-let-7a-5p","Downregulated"
"TEAD4",1.90024358663914,2.81673211278849e-06,TRUE,68,"hsa-let-7a-5p","Upregulated"
"LMNB1",2.03547850382488,3.06933094910962e-06,TRUE,292,"hsa-let-7a-2-3p","Upregulated"
"SLIT2",-1.88795165424406,3.06933094910962e-06,TRUE,141,"hsa-let-7a-5p","Downregulated"
"RRM2",3.34217816758943,3.11856491286023e-06,TRUE,219,"hsa-let-7a-5p","Upregulated"
"ZCCHC12",-6.00951989426474,3.19983625430171e-06,TRUE,46,"hsa-miR-101-3p","Downregulated"
"AHNAK",-2.07653526782343,3.32948107567052e-06,TRUE,225,"hsa-let-7a-5p","Downregulated"
"CLEC3B",-2.80727287484245,4.42327911491039e-06,TRUE,1,"hsa-miR-335-5p","Downregulated"
"FAM222A",3.3226796824429,4.64449621628366e-06,TRUE,48,"hsa-let-7a-5p","Upregulated"
"PER2",-2.10184355985074,4.77848697996077e-06,TRUE,176,"ebv-miR-BART10-3p","Downregulated"
"CACNA1G",-3.42432197492042,5.96598156223738e-06,TRUE,43,"hsa-let-7a-5p","Downregulated"
"ONECUT2",4.82696967901813,6.28196178391389e-06,TRUE,178,"hsa-let-7a-3p","Upregulated"
"PKHD1L1",-3.50882346724052,6.28196178391389e-06,TRUE,18,"hsa-miR-106b-5p","Downregulated"
"CLSPN",3.19517544852886,6.28196178391389e-06,TRUE,181,"hsa-let-7b-5p","Upregulated"
"PRR11",2.99797172281507,6.28196178391389e-06,TRUE,170,"hsa-let-7a-5p","Upregulated"
"COL17A1",-3.31062690043159,6.30830653800022e-06,TRUE,21,"hsa-let-7d-5p","Downregulated"
"CYP4B1",-3.21902192129293,6.30830653800022e-06,TRUE,4,"hsa-miR-203a-3p","Downregulated"
"PPP1R12B",-2.25092217576136,6.30830653800022e-06,TRUE,191,"hsa-let-7a-5p","Downregulated"
"FLNC",-3.56061120318102,6.7588928631875e-06,TRUE,199,"hsa-let-7a-5p","Downregulated"
"UHRF1",2.4573130349974,7.7341431438365e-06,TRUE,83,"hsa-let-7a-5p","Upregulated"
"CDCA5",3.13989372009955,7.79000379894175e-06,TRUE,93,"hsa-let-7a-5p","Upregulated"
"VSTM2L",4.76562358944911,9.10268705198764e-06,TRUE,60,"hsa-let-7b-5p","Upregulated"
"EGFR",-2.67089528376911,9.10268705198764e-06,TRUE,226,"hsa-let-7a-2-3p","Downregulated"
"LMOD1",-2.89736936410798,1.00058241926792e-05,TRUE,13,"hsa-miR-105-3p","Downregulated"
"SH3RF2",-2.89192738699612,1.00058241926792e-05,TRUE,70,"hsa-let-7a-5p","Downregulated"
"TROAP",2.79337931269162,1.00058241926792e-05,TRUE,92,"hsa-let-7b-5p","Upregulated"
"CDHR1",-6.17766533200317,1.07745883146191e-05,TRUE,33,"hsa-let-7e-5p","Downregulated"
"SEMA3G",-1.62819668478628,1.08024630593581e-05,TRUE,51,"hsa-let-7a-5p","Downregulated"
"CCBE1",-3.6471279441998,1.30179227028411e-05,TRUE,85,"hsa-let-7a-5p","Downregulated"
"WNT4",-2.33244102175878,1.3707732939529e-05,TRUE,49,"hsa-miR-1-3p","Downregulated"
"GSDMA",-6.82027942959747,1.49311979830885e-05,TRUE,13,"hsa-miR-106b-3p","Downregulated"
"CILP2",2.64180039839571,1.52794222407291e-05,TRUE,26,"hsa-let-7a-5p","Upregulated"
"PER1",-2.25384884149577,1.53504749038789e-05,TRUE,143,"hsa-let-7a-5p","Downregulated"
"KIF18B",3.34477254602048,1.53696682216221e-05,TRUE,162,"hsa-let-7a-5p","Upregulated"
"INMT",-2.54241683485249,1.61931322258788e-05,TRUE,68,"hsa-miR-1226-3p","Downregulated"
"SPOCD1",3.46169251299757,1.86854619029155e-05,TRUE,39,"hsa-miR-101-3p","Upregulated"
"IGF1",-2.79202471958389,1.8759547553587e-05,TRUE,163,"hsa-let-7a-5p","Downregulated"
"AREG",-2.50222189304794,1.8759547553587e-05,TRUE,73,"hsa-let-7a-2-3p","Downregulated"
"FBXO41",1.64086261257794,1.8759547553587e-05,TRUE,163,"hsa-let-7a-5p","Upregulated"
"HPSE2",-3.72415405348895,2.04742051468973e-05,TRUE,9,"hsa-miR-1270","Downregulated"
"RFX2",-2.88188159329961,2.31504627185543e-05,TRUE,21,"hsa-let-7a-5p","Downregulated"
"ALDH1A2",-2.92405563977566,2.3455725631155e-05,TRUE,35,"hsa-let-7d-5p","Downregulated"
"JAKMIP1",4.5969641746639,2.42124882751019e-05,TRUE,28,"hsa-let-7g-5p","Upregulated"
"ADGRD1",-2.28861889005015,2.42487280457937e-05,TRUE,66,"hsa-let-7a-5p","Downregulated"
"FIBCD1",4.79914677935803,2.53732306009413e-05,TRUE,73,"hsa-let-7a-5p","Upregulated"
"CDR2L",1.32261890549502,2.81339122547876e-05,TRUE,108,"hsa-let-7a-5p","Upregulated"
"KRT77",-8.04721596337861,2.85590280021439e-05,TRUE,2,"hsa-miR-146a-5p","Downregulated"
"LONRF2",-2.83874316371333,2.85590280021439e-05,TRUE,202,"hsa-let-7a-3p","Downregulated"
"CBX2",2.61922032959188,2.85590280021439e-05,TRUE,182,"hsa-let-7a-5p","Upregulated"
"NKX3-2",7.00160991371662,2.98940788386903e-05,TRUE,38,"hsa-let-7b-5p","Upregulated"
"IGFBP6",-2.83344946606739,3.3224980718494e-05,TRUE,29,"hsa-let-7d-5p","Downregulated"
"LYVE1",-2.80634920636128,3.43984238894826e-05,TRUE,19,"hsa-miR-124-3p","Downregulated"
"CD34",-1.5296269946872,3.63919600248069e-05,TRUE,44,"hsa-let-7a-5p","Downregulated"
"CAB39L",-1.86073222963083,3.75813834850568e-05,TRUE,66,"hsa-let-7g-5p","Downregulated"
"SDS",2.35008489764541,3.88171308045172e-05,TRUE,11,"hsa-let-7a-5p","Upregulated"
"ESR1",-2.58100528319196,4.29591576088552e-05,TRUE,170,"hsa-let-7a-5p","Downregulated"
"FAT3",-2.58258474239447,4.39109812562738e-05,TRUE,306,"hsa-let-7a-5p","Downregulated"
"ADAMTS14",3.08507259968245,4.42718652687536e-05,TRUE,39,"hsa-let-7d-5p","Upregulated"
"TNS1",-2.33673676186434,4.42718652687536e-05,TRUE,177,"hsa-let-7a-5p","Downregulated"
"DPT",-2.56896948592726,5.03260026585657e-05,TRUE,18,"hsa-let-7e-5p","Downregulated"
"SGSM1",-1.95116179458314,5.05164553104715e-05,TRUE,66,"hsa-let-7a-5p","Downregulated"
"ITIH5",-2.77150232831835,5.14519929274064e-05,TRUE,76,"hsa-let-7a-5p","Downregulated"
"ADCY4",-1.39715068450014,5.25199826275161e-05,TRUE,16,"hsa-let-7a-5p","Downregulated"
"MAOB",-2.86769899408719,5.44302163723516e-05,TRUE,105,"hsa-let-7b-3p","Downregulated"
"MEX3A",2.65033296783396,5.44302163723516e-05,TRUE,234,"hsa-let-7a-5p","Upregulated"
"RAI2",-2.22684209692728,5.44302163723516e-05,TRUE,16,"hsa-let-7a-5p","Downregulated"
"MTHFD2",1.80645419680511,5.44302163723516e-05,TRUE,297,"hsa-let-7a-3p","Upregulated"
"LDB3",-2.83833277977569,5.51776959929967e-05,TRUE,64,"hsa-let-7a-5p","Downregulated"
"AHNAK2",-2.69539321245977,5.95246762780811e-05,TRUE,138,"hsa-let-7a-5p","Downregulated"
"FNDC1",2.51022405455964,5.95246762780811e-05,TRUE,31,"hsa-let-7a-5p","Upregulated"
"EPHB6",-2.86463846864538,6.03242971645893e-05,TRUE,65,"hsa-let-7a-5p","Downregulated"
"RAPGEFL1",-3.27135537260082,6.30646939828999e-05,TRUE,74,"hsa-let-7a-5p","Downregulated"
"NBEA",-1.79836302043804,6.58662597174766e-05,TRUE,250,"hsa-let-7a-5p","Downregulated"
"SVEP1",-2.47605738345072,6.73069666374829e-05,TRUE,90,"hsa-let-7a-5p","Downregulated"
"PGAP4",-3.03281643569869,6.87228831995209e-05,TRUE,147,"hsa-let-7a-5p","Downregulated"
"SPINK5",-5.78481043820694,6.92665886859094e-05,TRUE,3,"hsa-miR-197-3p","Downregulated"
"PITX1",2.97958114491011,6.97495264673408e-05,TRUE,100,"hsa-let-7a-5p","Upregulated"
"H3C10",2.54580677841742,7.00212037620505e-05,TRUE,61,"hsa-miR-1-3p","Upregulated"
"JPT1",1.87465987050632,7.01642738438935e-05,TRUE,106,"hsa-let-7b-5p","Upregulated"
"CORO6",-2.02340251798644,7.71963366710806e-05,TRUE,15,"hsa-let-7g-5p","Downregulated"
"LIMS2",-1.61337207847567,7.8291289258321e-05,TRUE,39,"hsa-let-7b-5p","Downregulated"
"CNN1",-3.0997326702398,8.15601152939733e-05,TRUE,24,"hsa-let-7a-5p","Downregulated"
"KLHDC7B",3.39562380881511,8.25562543001627e-05,TRUE,25,"hsa-let-7a-5p","Upregulated"
"NYNRIN",-1.18467075875132,8.67041801459666e-05,TRUE,56,"hsa-let-7a-5p","Downregulated"
"GMPS",1.11982867200669,8.67041801459666e-05,TRUE,225,"hsa-let-7a-5p","Upregulated"
"MAMDC2",-2.9257213224518,8.85083026059901e-05,TRUE,76,"hsa-let-7a-5p","Downregulated"
"EXO1",3.28624146840406,8.91872999227418e-05,TRUE,107,"hsa-let-7a-5p","Upregulated"
"GINS1",2.460509489723,9.43581859287618e-05,TRUE,103,"hsa-let-7a-5p","Upregulated"
"COL11A1",6.75918460515213,9.8107932478454e-05,TRUE,61,"hsa-let-7a-5p","Upregulated"
"PIK3C2G",-2.63447597449284,9.8107932478454e-05,TRUE,15,"hsa-miR-126-5p","Downregulated"
"ZBTB16",-2.34171939626417,9.8107932478454e-05,TRUE,169,"hsa-let-7a-3p","Downregulated"
"STIL",2.05006765146858,9.8107932478454e-05,TRUE,150,"hsa-let-7a-5p","Upregulated"
"EN1",4.3745626034559,0.000107518446689778,TRUE,38,"hsa-let-7a-3p","Upregulated"
"IFFO2",-2.56846010434239,0.000128328784480858,TRUE,166,"hsa-let-7a-3p","Downregulated"
"GSTM5",-3.19289321434841,0.000134569307934621,TRUE,9,"hsa-miR-197-3p","Downregulated"
"PSAPL1",-5.62282646417357,0.000135149726303979,TRUE,22,"hsa-miR-124-5p","Downregulated"
"RUNX1T1",-1.95605098902372,0.000141784276931815,TRUE,232,"hsa-let-7a-5p","Downregulated"
"SLC15A3",1.54211904102373,0.000143870309379147,TRUE,39,"hsa-let-7d-5p","Upregulated"
"PAPPA",-2.33745139172827,0.000161152727604074,TRUE,100,"hsa-let-7a-5p","Downregulated"
"ADRA1A",-3.50860976732027,0.000166024621044367,TRUE,11,"hsa-let-7a-5p","Downregulated"
"KIF2C",2.29617111809691,0.000166024621044367,TRUE,180,"hsa-let-7a-2-3p","Upregulated"
"MEIS1",-1.84479501660366,0.000166024621044367,TRUE,102,"hsa-let-7a-5p","Downregulated"
"THEM5",-3.11151763718785,0.000166909631764993,TRUE,1,"hsa-miR-374a-5p","Downregulated"
"SLIT3",-1.96465900637603,0.000174648982025499,TRUE,84,"hsa-let-7a-5p","Downregulated"
"LTBP4",-2.03792640548035,0.000180798680531647,TRUE,126,"hsa-let-7a-5p","Downregulated"
"MCM10",3.98120683871992,0.000183212263617791,TRUE,104,"hsa-let-7a-3p","Upregulated"
"SLC2A4",-2.91930451837203,0.000183212263617791,TRUE,60,"hsa-let-7d-5p","Downregulated"
"PIK3R1",-1.58739105065687,0.000187300494968205,TRUE,276,"hsa-let-7a-5p","Downregulated"
"SNCG",-1.93238588119371,0.000192959050328187,TRUE,49,"hsa-let-7a-5p","Downregulated"
"IGFBP4",-1.78608124867639,0.000193739588130363,TRUE,192,"hsa-let-7a-5p","Downregulated"
"CENPN",2.6076263753713,0.000194377641980543,TRUE,151,"hsa-let-7a-5p","Upregulated"
"KPNA2",2.30276628431482,0.000194377641980543,TRUE,229,"hsa-let-7a-2-3p","Upregulated"
"STARD9",-1.70948616305789,0.000195545443392986,TRUE,64,"hsa-let-7a-5p","Downregulated"
"IL22RA1",-3.47366560575428,0.000199031871135633,TRUE,15,"hsa-let-7a-5p","Downregulated"
"GALNT16",-2.55409520367092,0.000200725820956351,TRUE,66,"hsa-let-7a-5p","Downregulated"
"DHRS12",-1.47788392046655,0.000200890798439307,TRUE,15,"hsa-miR-103a-3p","Downregulated"
"ACSBG1",-6.38756583913215,0.000213553483586826,TRUE,69,"hsa-miR-103a-3p","Downregulated"
"PLSCR4",-2.00003585590416,0.00021470880664416,TRUE,85,"hsa-let-7a-5p","Downregulated"
"CDCA8",2.72232455605032,0.000220912554963954,TRUE,114,"hsa-let-7a-5p","Upregulated"
"GPR17",-2.02148037615589,0.000223720782916955,TRUE,31,"hsa-let-7a-5p","Downregulated"
"AOX1",-3.00618257132624,0.000225340285116644,TRUE,53,"hsa-let-7a-5p","Downregulated"
"ELOVL3",-5.99574082536978,0.000232484878442635,TRUE,9,"hsa-miR-128-1-5p","Downregulated"
"DTL",2.77118407237854,0.000239171075580072,TRUE,177,"hsa-let-7a-3p","Upregulated"
"MAST4",-1.31366990072981,0.000239171075580072,TRUE,183,"hsa-let-7a-5p","Downregulated"
"DEFB1",-3.79700850163432,0.000244451002942438,TRUE,2,"hsa-miR-146a-5p","Downregulated"
"PTPRZ1",-2.62068685446656,0.000247897220673545,TRUE,246,"hsa-let-7a-5p","Downregulated"
"DGAT2L6",-5.89553236829073,0.000248535481840966,TRUE,17,"hsa-miR-27a-3p","Downregulated"
"FXYD1",-2.20866785618835,0.000255306818642447,TRUE,35,"hsa-miR-1237-5p","Downregulated"
"CTHRC1",2.74570251652873,0.000264608951395162,TRUE,57,"hsa-let-7a-5p","Upregulated"
"CLIC6",-2.39504041666017,0.000264608951395162,TRUE,31,"hsa-miR-1285-3p","Downregulated"
"TPX2",2.73784268917933,0.000277987810638922,TRUE,205,"hsa-let-7a-3p","Upregulated"
"PPL",-1.46167730861456,0.000278530141063979,TRUE,107,"hsa-let-7a-5p","Downregulated"
"SPC24",2.96057455000201,0.000281110541106694,TRUE,80,"hsa-let-7a-5p","Upregulated"
"PPP1R14A",-2.32564018816423,0.000281110541106694,TRUE,31,"hsa-miR-1-3p","Downregulated"
"SPRING1",1.66912961918127,0.000281110541106694,TRUE,188,"hsa-let-7a-5p","Upregulated"
"PTH1R",-1.82466266873592,0.00028419259373719,TRUE,19,"hsa-miR-125b-5p","Downregulated"
"ABCD1",1.36511885566829,0.000284596461871555,TRUE,22,"hsa-let-7b-5p","Upregulated"
"LMNB2",1.45754018092348,0.000290031791339285,TRUE,426,"hsa-let-7a-2-3p","Upregulated"
"ANTXR2",-1.29005659044887,0.000290031791339285,TRUE,152,"hsa-let-7a-5p","Downregulated"
"GLDN",-2.47396740001075,0.000303110205099299,TRUE,52,"hsa-let-7a-5p","Downregulated"
"TRIM46",1.97403812742744,0.000303110205099299,TRUE,22,"hsa-let-7d-5p","Upregulated"
"CENPF",2.86930000885363,0.000307204181684846,TRUE,208,"hsa-let-7a-5p","Upregulated"
"CDC6",2.84949841420643,0.00030994263689665,TRUE,150,"hsa-let-7a-5p","Upregulated"
"ZNF469",1.79035170521952,0.000310914573089566,TRUE,68,"hsa-let-7a-5p","Upregulated"
"ARHGAP6",-2.05488565248576,0.000312767758418132,TRUE,37,"hsa-let-7a-5p","Downregulated"
"HOPX",-3.45231287505185,0.000320078238998645,TRUE,47,"hsa-let-7g-5p","Downregulated"
"VGF",4.5090233553621,0.000324388324673327,TRUE,81,"hsa-let-7a-5p","Upregulated"
"FAT4",-2.03810137833498,0.000330138913845248,TRUE,225,"hsa-let-7a-5p","Downregulated"
"NRN1",-2.36476648199496,0.000338509534686877,TRUE,80,"hsa-let-7a-5p","Downregulated"
"SEMA5A",-1.71629151434798,0.000340401936983122,TRUE,127,"hsa-let-7a-3p","Downregulated"
"SVIL",-1.58077677473485,0.000340401936983122,TRUE,118,"hsa-let-7a-5p","Downregulated"
"PLD1",-1.57924779864926,0.000340500333033178,TRUE,59,"hsa-let-7a-5p","Downregulated"
"STARD13",-1.50998269009184,0.000340500333033178,TRUE,131,"hsa-let-7a-5p","Downregulated"
"DNMBP",-1.47255837564581,0.000340500333033178,TRUE,177,"hsa-let-7a-5p","Downregulated"
"WLS",-1.81533263691923,0.000342210034243443,TRUE,127,"hsa-let-7a-3p","Downregulated"
"ADGRA2",-1.5320355806846,0.000348629388810699,TRUE,65,"hsa-let-7a-5p","Downregulated"
"OLFML2A",-1.14072524947597,0.000350201793051032,TRUE,149,"hsa-let-7a-5p","Downregulated"
"INHBA",2.5844016623359,0.000397285267419902,TRUE,115,"hsa-let-7a-5p","Upregulated"
"H3C2",2.49581020308513,0.000410115517562416,TRUE,91,"hsa-let-7a-5p","Upregulated"
"SHMT2",1.53663549635525,0.00041032565522541,TRUE,185,"hsa-let-7a-5p","Upregulated"
"MFAP4",-2.42068003801863,0.000412765002168407,TRUE,17,"hsa-miR-101-3p","Downregulated"
"HMGB3",2.34115674343785,0.000424235770631775,TRUE,134,"hsa-let-7b-5p","Upregulated"
"IL33",-2.62055055070325,0.000429902917247641,TRUE,18,"hsa-miR-130a-3p","Downregulated"
"LSR",1.41335289736764,0.000438050262366297,TRUE,133,"hsa-let-7a-5p","Upregulated"
"LGI4",-1.72662626012248,0.000440481085030776,TRUE,8,"hsa-miR-103a-3p","Downregulated"
"C21orf58",1.30400310328644,0.000440481085030776,TRUE,65,"hsa-let-7a-5p","Upregulated"
"TACC2",-1.99543982253265,0.000449625239467514,TRUE,185,"hsa-let-7a-5p","Downregulated"
"APOB",-3.87089524750789,0.000459715200501105,TRUE,74,"hsa-let-7a-5p","Downregulated"
"MMRN1",-3.06538115860025,0.000459715200501105,TRUE,42,"hsa-let-7a-5p","Downregulated"
"PALMD",-2.11585338115587,0.000466638784690036,TRUE,25,"hsa-miR-106a-5p","Downregulated"
"GBP6",-3.49948873709227,0.000468537248522411,TRUE,33,"hsa-let-7a-5p","Downregulated"
"GINS4",2.448163885615,0.000469212277957469,TRUE,90,"hsa-let-7a-5p","Upregulated"
"MYLK",-1.95175037231551,0.000469423281364491,TRUE,165,"hsa-let-7a-5p","Downregulated"
"COL7A1",-2.11646690485711,0.000490423738430384,TRUE,48,"hsa-let-7b-5p","Downregulated"
"CHST6",2.81417521182652,0.000492449757317766,TRUE,119,"hsa-let-7a-5p","Upregulated"
"E2F3",1.56689402263543,0.000492858412454105,TRUE,353,"ebv-miR-BART4-5p","Upregulated"
"H2BC17",3.03973589942175,0.000499531848991859,TRUE,55,"hsa-let-7c-5p","Upregulated"
"CPAMD8",-1.63430157110385,0.000514781447285409,TRUE,10,"hsa-miR-10a-5p","Downregulated"
"PGR",-2.93076440636439,0.000528746559770144,TRUE,68,"hsa-let-7a-5p","Downregulated"
"GLYATL2",3.7672719947252,0.000534276681106061,TRUE,1,"hsa-miR-27a-3p","Upregulated"
"MAPKBP1",-1.29355267327516,0.000534276681106061,TRUE,147,"hsa-let-7a-5p","Downregulated"
"PAQR4",2.16412335777354,0.000537179871154408,TRUE,68,"hsa-let-7a-5p","Upregulated"
"ILDR2",3.96827706289389,0.000542089906135559,TRUE,66,"hsa-let-7a-5p","Upregulated"
"LHFPL6",-1.71108410668116,0.000548629366163912,TRUE,64,"hsa-let-7a-2-3p","Downregulated"
"PLPP3",-1.3582745397098,0.000563194807549148,TRUE,165,"hsa-let-7b-5p","Downregulated"
"CCL27",-4.83110480020408,0.000569688153165196,TRUE,4,"hsa-miR-101-3p","Downregulated"
"ATOH8",-1.83689920819642,0.000571188828211833,TRUE,47,"hsa-let-7i-5p","Downregulated"
"GAS7",-1.74731488667016,0.000571188828211833,TRUE,146,"hsa-let-7a-5p","Downregulated"
"UBXN10",-2.10069763002786,0.000585032892868334,TRUE,22,"hsa-let-7a-5p","Downregulated"
"RDH12",-3.77967234312304,0.000588812079953102,TRUE,2,"hsa-miR-1843","Downregulated"
"CHAF1B",2.87027295172853,0.00059078634372796,TRUE,120,"hsa-let-7a-5p","Upregulated"
"MEG3",-1.22403877217419,0.000592311157345097,TRUE,11,"hsa-miR-125a-5p","Downregulated"
"LAGE3",1.63185679392558,0.000595719389105327,TRUE,28,"hsa-let-7a-5p","Upregulated"
"DGAT2",-3.26309331911222,0.000611637262050612,TRUE,51,"hsa-let-7a-5p","Downregulated"
"MYOF",-1.57239206004545,0.000633571838977604,TRUE,231,"hsa-let-7a-5p","Downregulated"
"ABCA8",-2.59647727920487,0.000635005694974296,TRUE,37,"hsa-let-7a-5p","Downregulated"
"CP",3.61471859696552,0.000635084242508345,TRUE,63,"hsa-let-7a-5p","Upregulated"
"CXCL12",-1.78117696634909,0.000635084242508345,TRUE,96,"hsa-let-7a-5p","Downregulated"
"GRIK5",-2.39219296689884,0.000637294673303803,TRUE,27,"hsa-let-7g-5p","Downregulated"
"PCSK2",-5.84900634651628,0.000672436104958728,TRUE,121,"hsa-let-7a-5p","Downregulated"
"JPH2",-2.37818008194606,0.000684213172142359,TRUE,69,"hsa-let-7b-5p","Downregulated"
"HYAL1",-2.19207076221267,0.000684213172142359,TRUE,16,"hsa-miR-129-2-3p","Downregulated"
"NXPH3",-1.88087837520611,0.000688513640478318,TRUE,44,"hsa-let-7a-5p","Downregulated"
"IRAK1",1.14982611088301,0.000696546175486074,TRUE,146,"hsa-let-7a-5p","Upregulated"
"C5AR1",1.63531545352421,0.000728528360214684,TRUE,11,"hsa-miR-103a-3p","Upregulated"
"PTGDS",-2.88425023631469,0.000738696225675069,TRUE,36,"hsa-let-7a-3p","Downregulated"
"DEPDC1",4.11774543369684,0.000748240511459722,TRUE,161,"hsa-let-7a-5p","Upregulated"
"ABCA9",-2.61725821566805,0.000764856503895584,TRUE,19,"hsa-miR-101-3p","Downregulated"
"BLACAT1",3.01089599859779,0.000774263578488932,TRUE,28,"hsa-let-7a-5p","Upregulated"
"MYL9",-2.36710193658838,0.00077869855455054,TRUE,69,"hsa-let-7a-5p","Downregulated"
"DNAJC18",-1.5602677088242,0.000780992645320691,TRUE,91,"hsa-let-7a-5p","Downregulated"
"S100A2",-3.90089555549989,0.000786054061827877,TRUE,58,"hsa-let-7a-5p","Downregulated"
"PLAC9",-2.49406595827869,0.000817558627400564,TRUE,1,"hsa-miR-450a-5p","Downregulated"
"H2BC11",2.49134400139837,0.000819337866820962,TRUE,110,"hsa-let-7i-3p","Upregulated"
"PTPN13",-1.74092289230438,0.000830071549254746,TRUE,167,"hsa-let-7a-5p","Downregulated"
"CWH43",-4.94612346597407,0.000834963512971403,TRUE,2,"hsa-miR-26b-5p","Downregulated"
"PDGFRA",-1.81845910760527,0.000843728818604279,TRUE,168,"hsa-let-7a-5p","Downregulated"
"TACC1",-1.38567872243635,0.000856086038646456,TRUE,176,"hsa-let-7a-5p","Downregulated"
"CYRIB",1.25672037560546,0.000868759658968402,TRUE,147,"hsa-let-7a-5p","Upregulated"
"IGF2BP1",6.31417823895963,0.000871620771004609,TRUE,180,"hsa-let-7a-5p","Upregulated"
"DKK2",-2.77845517450303,0.000871620771004609,TRUE,12,"hsa-miR-101-3p","Downregulated"
"RYR3",-2.6385322129372,0.000871620771004609,TRUE,85,"hsa-let-7a-5p","Downregulated"
"FREM1",-2.46479478064829,0.000871620771004609,TRUE,16,"hsa-miR-1271-5p","Downregulated"
"GPLD1",-2.39990606805611,0.000871620771004609,TRUE,17,"hsa-let-7c-5p","Downregulated"
"PLA2R1",-1.79514914528693,0.000871620771004609,TRUE,61,"hsa-let-7a-5p","Downregulated"
"DLG5",-1.16125846303462,0.000871620771004609,TRUE,297,"hsa-let-7a-3p","Downregulated"
"WDFY2",-1.09051254018893,0.000884648081809839,TRUE,99,"hsa-let-7a-5p","Downregulated"
"ETS2",-1.8782425575345,0.000902180410859675,TRUE,174,"hsa-let-7a-3p","Downregulated"
"KRT5",-3.10959739502067,0.000908851791132264,TRUE,24,"hsa-let-7a-5p","Downregulated"
"ADA2",1.43731072705706,0.000916362715080257,TRUE,83,"hsa-miR-103a-3p","Upregulated"
"MEIS2",-2.12503449393485,0.000917901994061229,TRUE,104,"hsa-let-7a-5p","Downregulated"
"TOP2A",2.73420766942708,0.000919346479774274,TRUE,231,"ebv-miR-BART10-3p","Upregulated"
"DNAJC22",3.23115839815293,0.000922387274745391,TRUE,61,"hsa-let-7a-5p","Upregulated"
"LBX2",3.04196606053616,0.000951483093762344,TRUE,4,"hsa-miR-125a-5p","Upregulated"
"NTRK2",-2.31534581085625,0.000951483093762344,TRUE,122,"hsa-let-7a-3p","Downregulated"
"PIF1",2.57149557607376,0.000958444395654795,TRUE,34,"hsa-let-7e-5p","Upregulated"
"CHEK2",1.59515713382916,0.000958556728954763,TRUE,120,"hsa-let-7a-5p","Upregulated"
"KRTDAP",-8.51770744506936,0.000962243162327049,TRUE,10,"hsa-let-7b-5p","Downregulated"
"KCNG1",3.31490321969428,0.000962243162327049,TRUE,55,"hsa-let-7a-5p","Upregulated"
"DUOXA1",-3.08981410013056,0.000979137717190213,TRUE,4,"hsa-miR-30a-5p","Downregulated"
"GPRASP1",-1.59106850231271,0.000990523909819592,TRUE,78,"hsa-let-7a-5p","Downregulated"
"GAREM1",-1.72572165003209,0.00100744798852541,TRUE,132,"hsa-let-7a-5p","Downregulated"
"SLC39A2",-5.24773099694178,0.00101973552429262,TRUE,8,"hsa-miR-1915-3p","Downregulated"
"LAMA2",-2.2393353407902,0.00103661202378313,TRUE,103,"hsa-let-7a-5p","Downregulated"
"CDC25A",2.13314640560495,0.00103661202378313,TRUE,185,"hsa-let-7a-3p","Upregulated"
"IKZF3",1.87207925734115,0.00103661202378313,TRUE,195,"hsa-let-7a-5p","Upregulated"
"OLR1",4.14775874158615,0.00104438702714207,TRUE,146,"hsa-let-7a-2-3p","Upregulated"
"ADAMTS15",-1.66031738659961,0.00106183556328931,TRUE,65,"hsa-let-7a-5p","Downregulated"
"RAPGEF3",-1.38489345597627,0.00106183556328931,TRUE,38,"hsa-let-7b-5p","Downregulated"
"IL11RA",-1.65333866536863,0.00109606504278936,TRUE,23,"hsa-let-7a-5p","Downregulated"
"MYORG",1.41791921891875,0.00109606504278936,TRUE,121,"hsa-let-7a-5p","Upregulated"
"RNFT2",1.89738613363013,0.00109872426444634,TRUE,99,"hsa-let-7a-5p","Upregulated"
"ADCY5",-2.0082838588806,0.00110583526082118,TRUE,86,"hsa-let-7a-5p","Downregulated"
"COL22A1",3.80735764177393,0.0011382949825945,TRUE,12,"hsa-miR-101-3p","Upregulated"
"UCP2",2.25535956922917,0.00115278461448584,TRUE,97,"hsa-let-7a-5p","Upregulated"
"AP1S3",4.51361565628086,0.0011829839236899,TRUE,118,"ebv-miR-BART10-3p","Upregulated"
"PDLIM3",-1.88825933211323,0.0012272365369973,TRUE,84,"hsa-let-7a-5p","Downregulated"
"PRKG1",-1.69388946282025,0.0012272365369973,TRUE,67,"hsa-miR-101-3p","Downregulated"
"AKAP6",-1.90337250119187,0.00124512588151798,TRUE,232,"hsa-let-7a-3p","Downregulated"
"SGK2",-3.37808393427513,0.00124548832169188,TRUE,3,"hsa-miR-210-3p","Downregulated"
"CDH2",2.96121109080299,0.00129658877608677,TRUE,176,"hsa-let-7a-5p","Upregulated"
"PM20D1",-6.28881501348653,0.00131151222967813,TRUE,2,"hsa-miR-193a-3p","Downregulated"
"COL8A1",2.38457525867379,0.00131511822990614,TRUE,107,"hsa-let-7a-5p","Upregulated"
"FANCA",1.97756218137087,0.00132541804390696,TRUE,160,"hsa-let-7a-5p","Upregulated"
"MAP1A",-1.35726179681052,0.00132541804390696,TRUE,206,"hsa-let-7a-5p","Downregulated"
"SIX2",3.73179661104918,0.0013360848177167,TRUE,30,"hsa-let-7c-5p","Upregulated"
"ABCC3",-1.28107898745973,0.00134412373086804,TRUE,109,"hsa-let-7a-5p","Downregulated"
"ALS2CL",-1.84491115245864,0.00135715526752636,TRUE,39,"hsa-let-7a-5p","Downregulated"
"CBX7",-1.4346905352833,0.00136379083627432,TRUE,54,"hsa-let-7b-5p","Downregulated"
"OVOL1",-3.08568081247031,0.00139645400879794,TRUE,75,"hsa-let-7a-5p","Downregulated"
"EIF4EBP1",1.63978430318769,0.00139645400879794,TRUE,108,"hsa-let-7a-5p","Upregulated"
"SCML1",-1.29236852483123,0.00139645400879794,TRUE,97,"hsa-let-7a-5p","Downregulated"
"S100P",3.54175341788379,0.00140550782424984,TRUE,31,"hsa-let-7b-5p","Upregulated"
"ISG15",2.57204805937513,0.00142104818247387,TRUE,22,"hsa-let-7a-5p","Upregulated"
"KRT13",-6.28176412667077,0.00142478529400334,TRUE,14,"hsa-let-7a-5p","Downregulated"
"NPR1",-1.43479262009317,0.00143149848887961,TRUE,140,"hsa-let-7c-5p","Downregulated"
"FOXN1",-4.51871725436086,0.00143889785750783,TRUE,5,"hsa-miR-128-3p","Downregulated"
"FCGR3A",3.10346707156227,0.00143889785750783,TRUE,11,"hsa-let-7a-5p","Upregulated"
"GATM",-2.37741110589399,0.00143889785750783,TRUE,87,"hsa-let-7a-5p","Downregulated"
"EVA1C",-1.25096517463532,0.00143889785750783,TRUE,36,"hsa-miR-1-3p","Downregulated"
"ABCA10",-2.65217699376565,0.00144566219382645,TRUE,27,"hsa-let-7b-5p","Downregulated"
"HHIPL2",4.47164628171295,0.00145495785399445,TRUE,5,"hsa-miR-1343-3p","Upregulated"
"IGFL2",-3.85456219364868,0.00146008697181626,TRUE,1,"hsa-miR-210-3p","Downregulated"
"CEP126",-2.25050340827615,0.00147125863161356,TRUE,143,"hsa-let-7a-5p","Downregulated"
"TCP11L2",-1.19449697782216,0.00147125863161356,TRUE,64,"hsa-let-7a-5p","Downregulated"
"KIF14",2.64697362790028,0.00148609048702592,TRUE,119,"hsa-let-7a-5p","Upregulated"
"CENPM",2.28400152128049,0.00149041238377367,TRUE,86,"hsa-miR-1-3p","Upregulated"
"SEMA6A",-1.39430029546809,0.00150316237137331,TRUE,164,"hsa-let-7a-5p","Downregulated"
"RFX5",1.19192429249432,0.00150316237137331,TRUE,105,"hsa-let-7a-5p","Upregulated"
"CITED2",-1.36219285552399,0.00150706018301421,TRUE,170,"hsa-let-7a-2-3p","Downregulated"
"HDGF",1.27614471861581,0.00152990384162653,TRUE,374,"hsa-let-7a-5p","Upregulated"
"TNNT1",2.96705724150115,0.00154921837641283,TRUE,32,"hsa-let-7a-5p","Upregulated"
"E2F2",2.47361235591963,0.00164531921012445,TRUE,198,"hsa-let-7a-3p","Upregulated"
"TMPO",1.5233864605899,0.00165727852119466,TRUE,288,"hsa-let-7a-3p","Upregulated"
"USB1",4.0850670156931,0.00167604143674197,TRUE,71,"hsa-let-7a-5p","Upregulated"
"USP2",-2.75774545917345,0.00167604143674197,TRUE,106,"hsa-let-7a-5p","Downregulated"
"NUP210",1.552612764703,0.001678497093438,TRUE,232,"hsa-let-7a-5p","Upregulated"
"AKAP12",-1.97282381985901,0.0017330432858153,TRUE,250,"hsa-let-7a-5p","Downregulated"
"NUDT8",2.80010686713101,0.00173951939587627,TRUE,36,"hsa-let-7e-5p","Upregulated"
"DGKG",-2.50386980171974,0.00175160919255442,TRUE,95,"hsa-let-7a-5p","Downregulated"
"TBX5",-2.45424865345636,0.00175160919255442,TRUE,12,"hsa-let-7a-5p","Downregulated"
"RAC3",1.55069492698004,0.00179712746159587,TRUE,77,"hsa-let-7a-5p","Upregulated"
"H3C7",2.62177225015248,0.00181182780377239,TRUE,57,"hsa-let-7a-5p","Upregulated"
"COL14A1",-2.15441278633288,0.00181182780377239,TRUE,62,"hsa-let-7a-3p","Downregulated"
"ESCO2",3.09804955673687,0.00181491276072813,TRUE,136,"hsa-let-7b-5p","Upregulated"
"EZH2",1.77641610270126,0.00181491276072813,TRUE,137,"hsa-let-7a-5p","Upregulated"
"DIPK2B",-1.44784333172623,0.00186171116248031,TRUE,59,"hsa-miR-1343-5p","Downregulated"
"ALDH3A2",-1.60116743248659,0.00186937340222443,TRUE,106,"hsa-let-7a-5p","Downregulated"
"DUSP9",4.4680147398916,0.0018799432703736,TRUE,60,"hsa-let-7a-5p","Upregulated"
"SNX33",-1.14578093502008,0.0018803232299703,TRUE,84,"hsa-let-7b-5p","Downregulated"
"ALOX12B",-3.75151841523707,0.00188400978081118,TRUE,5,"hsa-let-7b-5p","Downregulated"
"TMEM158",2.61804349938857,0.001920314800001,TRUE,66,"hsa-let-7b-5p","Upregulated"
"CES4A",-1.29410555576934,0.00192886749217901,TRUE,30,"hsa-let-7b-5p","Downregulated"
"ASRGL1",2.71941545412811,0.00196120762234878,TRUE,50,"hsa-let-7b-5p","Upregulated"
"PTPN5",-2.81533080916644,0.00200505163566633,TRUE,63,"hsa-let-7a-5p","Downregulated"
"IRAG1",-1.90971454339972,0.00207634169091647,TRUE,70,"hsa-let-7a-5p","Downregulated"
"CAV1",-2.03547632545321,0.00209079781961182,TRUE,232,"hsa-let-7a-5p","Downregulated"
"PLCD1",-1.32824711369908,0.00209745256540676,TRUE,61,"hsa-let-7a-5p","Downregulated"
"ADAMTSL2",2.91817783437063,0.00210277566558375,TRUE,36,"hsa-let-7a-5p","Upregulated"
"SUN1",-1.07611094964533,0.00210565913200009,TRUE,153,"hsa-let-7a-5p","Downregulated"
"CSMD2",2.84845982352887,0.00211179099782039,TRUE,80,"hsa-let-7a-5p","Upregulated"
"ADH4",-2.7164072985931,0.00211179099782039,TRUE,20,"hsa-let-7a-5p","Downregulated"
"PRDM16",-1.918969185425,0.00216346204017805,TRUE,88,"hsa-let-7a-5p","Downregulated"
"CDCA2",2.5918616437649,0.00217261877203713,TRUE,124,"hsa-let-7a-5p","Upregulated"
"ITGAX",1.32910702463116,0.00217261877203713,TRUE,18,"hsa-miR-103a-3p","Upregulated"
"NXNL2",-3.56025579142851,0.0022125417696565,TRUE,7,"hsa-miR-100-5p","Downregulated"
"ZYG11A",2.27499702627348,0.00222092011794333,TRUE,124,"hsa-miR-106a-5p","Upregulated"
"SCD",2.53557315465252,0.00222170337290302,TRUE,436,"hsa-let-7a-3p","Upregulated"
"NUF2",3.93700824299427,0.00223144150934406,TRUE,58,"hsa-miR-1-3p","Upregulated"
"TFPI",-2.21006248402806,0.00224423577621954,TRUE,156,"hsa-let-7a-3p","Downregulated"
"CES3",3.0498650961562,0.0022509810794199,TRUE,40,"hsa-let-7a-2-3p","Upregulated"
"PPP1R15A",-1.43201976217909,0.0022509810794199,TRUE,149,"hsa-let-7a-5p","Downregulated"
"TMEM91",-2.18507825871962,0.0023234100231116,TRUE,90,"hsa-let-7b-5p","Downregulated"
"MOB3B",-1.81971141216382,0.0023234100231116,TRUE,93,"hsa-let-7a-5p","Downregulated"
"NLGN1",-2.24068847590629,0.00234168481173282,TRUE,159,"hsa-let-7a-5p","Downregulated"
"KMO",3.65062488127707,0.00235838286863131,TRUE,27,"hsa-let-7f-5p","Upregulated"
"EPHA2",-2.08540298059052,0.00235838286863131,TRUE,244,"hsa-let-7a-5p","Downregulated"
"KLF4",-2.25839764736272,0.00243949541233476,TRUE,129,"hsa-let-7a-3p","Downregulated"
"MCC",-1.51196729924634,0.00245630958087403,TRUE,143,"hsa-let-7a-5p","Downregulated"
"SEC14L6",-6.77070337399007,0.002490666710671,TRUE,26,"hsa-miR-1228-3p","Downregulated"
"ANK2",-2.42632151242833,0.00250952776577355,TRUE,247,"hsa-let-7a-5p","Downregulated"
"EGFLAM",-1.75349819845093,0.00252548534175513,TRUE,30,"hsa-let-7b-5p","Downregulated"
"LAYN",-1.89354070232326,0.0025417597923125,TRUE,24,"hsa-miR-1-3p","Downregulated"
"MIR99AHG",-2.34633510094939,0.00254993333547705,TRUE,3,"hsa-miR-122-5p","Downregulated"
"TIPARP",-1.80612300903181,0.00256795746054684,TRUE,194,"hsa-let-7a-5p","Downregulated"
"CACNA1B",3.18870039917573,0.002574250996216,TRUE,106,"hsa-let-7a-5p","Upregulated"
"SLC6A2",-3.59576584391987,0.00258947029400397,TRUE,2,"hsa-miR-223-3p","Downregulated"
"ECT2",1.82410793173464,0.00258991074126299,TRUE,173,"hsa-let-7a-3p","Upregulated"
"ACACB",-1.6608524017568,0.00260777591400286,TRUE,72,"hsa-let-7a-5p","Downregulated"
"PCDH20",-3.68235185067893,0.00260907169304762,TRUE,51,"hsa-let-7a-5p","Downregulated"
"JMJD7",-1.57009799151983,0.00261459195353626,TRUE,20,"hsa-let-7a-5p","Downregulated"
"FOSB",-2.40764211196065,0.00261542597260498,TRUE,81,"hsa-let-7a-5p","Downregulated"
"DUOX1",-2.1428157765467,0.00261542597260498,TRUE,19,"hsa-let-7b-5p","Downregulated"
"SH3BGRL2",-1.64540750969516,0.00262150457131407,TRUE,101,"hsa-let-7a-5p","Downregulated"
"EGFR-AS1",-2.54218632096226,0.00263796673042955,TRUE,1,"hsa-miR-133b","Downregulated"
"TACC3",1.96026794419931,0.00263796673042955,TRUE,118,"hsa-let-7a-5p","Upregulated"
"H2AC11",1.77028055487285,0.00263796673042955,TRUE,98,"hsa-let-7a-3p","Upregulated"
"CACNB2",-1.43672646462276,0.00265894313967969,TRUE,149,"hsa-let-7a-5p","Downregulated"
"PLLP",-2.22810997797264,0.00274204887062685,TRUE,76,"hsa-let-7a-5p","Downregulated"
"PACSIN1",2.39181168822055,0.0027521662476409,TRUE,119,"hsa-let-7a-5p","Upregulated"
"TINAGL1",-1.72015911585286,0.00275830201268416,TRUE,101,"hsa-let-7a-5p","Downregulated"
"SLC35C1",1.61075335513872,0.00275999305890154,TRUE,66,"hsa-let-7a-5p","Upregulated"
"CEACAM6",4.35616493833578,0.00277722980693012,TRUE,40,"hsa-let-7a-5p","Upregulated"
"TICRR",2.21182019865492,0.002829446653686,TRUE,125,"hsa-let-7a-5p","Upregulated"
"PTGIS",-1.82843276990312,0.002829446653686,TRUE,112,"hsa-let-7a-5p","Downregulated"
"RELN",-2.71127999368219,0.00283045307304012,TRUE,158,"hsa-let-7a-5p","Downregulated"
"VGLL1",4.36869957317798,0.00284316701628037,TRUE,4,"hsa-let-7b-5p","Upregulated"
"GMIP",1.19017462280271,0.00284316701628037,TRUE,52,"hsa-let-7a-5p","Upregulated"
"CLDN11",-1.86096423308659,0.00284830754011433,TRUE,58,"hsa-let-7e-5p","Downregulated"
"SRRM3",-1.89921589352688,0.00287311661977191,TRUE,38,"hsa-let-7d-5p","Downregulated"
"PTPN6",1.02115918530808,0.00297349976602776,TRUE,74,"hsa-let-7a-5p","Upregulated"
"IL2RB",2.08874045838395,0.00297939374122623,TRUE,92,"hsa-let-7a-5p","Upregulated"
"PDE2A",-1.83390915096285,0.00300398502481074,TRUE,87,"hsa-let-7a-5p","Downregulated"
"STAT1",1.78117394968125,0.00301415539642298,TRUE,165,"hsa-let-7a-5p","Upregulated"
"BRME1",1.40390572110923,0.00305165915485514,TRUE,13,"hsa-let-7a-5p","Upregulated"
"SPARCL1",-2.20375749926083,0.0030665201403989,TRUE,39,"hsa-let-7a-5p","Downregulated"
"PNPLA5",-8.41738629939327,0.00307952352212534,TRUE,13,"hsa-let-7a-5p","Downregulated"
"FILIP1",-2.30727997029049,0.00307952352212534,TRUE,69,"hsa-let-7a-5p","Downregulated"
"LPCAT1",1.46408755012474,0.00307952352212534,TRUE,143,"hsa-let-7a-5p","Upregulated"
"CHST1",2.86501252660248,0.0031130762151534,TRUE,94,"hsa-let-7d-5p","Upregulated"
"TPPP3",-2.56398054572413,0.00315659868322361,TRUE,28,"hsa-let-7a-5p","Downregulated"
"IRF7",2.28517217948798,0.00315786069431798,TRUE,29,"hsa-let-7a-5p","Upregulated"
"LDB2",-2.11299484197614,0.00315786069431798,TRUE,73,"hsa-let-7a-5p","Downregulated"
"SPART",-1.61088015020324,0.00319299438474863,TRUE,171,"hsa-let-7a-5p","Downregulated"
"BARX2",-2.5550665187579,0.00327661923758307,TRUE,43,"hsa-let-7a-5p","Downregulated"
"PNKD",1.53863093252238,0.00330508534844241,TRUE,97,"hsa-let-7a-5p","Upregulated"
"ABCA6",-2.40941034205441,0.00336273268848758,TRUE,41,"hsa-miR-103a-3p","Downregulated"
"SOSTDC1",-3.05443689682242,0.00336321001394581,TRUE,24,"hsa-miR-103a-3p","Downregulated"
"C1QB",1.78095657946299,0.00336321001394581,TRUE,28,"hsa-let-7a-5p","Upregulated"
"SERPINB2",-5.38075011956429,0.00336843885983796,TRUE,27,"hsa-let-7a-5p","Downregulated"
"OAS2",2.22932739769486,0.00336843885983796,TRUE,132,"hsa-let-7a-5p","Upregulated"
"SLC16A9",-2.66096287056975,0.00337745115529708,TRUE,134,"hsa-let-7a-5p","Downregulated"
"RERG",-2.30500311710527,0.00337831760007067,TRUE,16,"hsa-miR-1-3p","Downregulated"
"MAP3K21",2.10009921460982,0.00346915237708438,TRUE,140,"hsa-let-7a-5p","Upregulated"
"LY6D",-4.57163651952077,0.00347047092890877,TRUE,6,"hsa-miR-1-3p","Downregulated"
"SSPN",-1.57171049207154,0.00350769648305908,TRUE,46,"hsa-miR-103a-3p","Downregulated"
"DCT",-3.58988532488371,0.00350815094243829,TRUE,4,"hsa-miR-23b-3p","Downregulated"
"COL21A1",-2.36407552590064,0.00350815094243829,TRUE,37,"hsa-let-7e-5p","Downregulated"
"FAM78A",1.50527307746079,0.00350815094243829,TRUE,28,"hsa-let-7d-5p","Upregulated"
"MCAM",-1.38726996563682,0.00350818182275173,TRUE,39,"hsa-miR-1-3p","Downregulated"
"NES",-1.17525665155686,0.00364120621319309,TRUE,76,"hsa-let-7a-5p","Downregulated"
"KCNK7",-2.62632689161604,0.00364792494331181,TRUE,5,"hsa-miR-146a-5p","Downregulated"
"SRD5A3",2.50532828083837,0.00364792494331181,TRUE,82,"hsa-let-7a-5p","Upregulated"
"KNL1",2.45823471701069,0.00364792494331181,TRUE,157,"hsa-let-7a-5p","Upregulated"
"PSRC1",1.77184426443726,0.00364792494331181,TRUE,80,"hsa-let-7a-5p","Upregulated"
"MSR1",2.1939975776569,0.00366576080627066,TRUE,13,"hsa-miR-106b-5p","Upregulated"
"COTL1",1.38935223116602,0.00368358942593613,TRUE,132,"hsa-let-7a-5p","Upregulated"
"NCAPH",2.53633014171339,0.00371774162214278,TRUE,150,"hsa-let-7a-3p","Upregulated"
"HJURP",2.50865402685292,0.00377330406465306,TRUE,98,"hsa-let-7a-5p","Upregulated"
"ADAMTSL5",-2.26380184484385,0.00379184569345264,TRUE,26,"hsa-let-7a-5p","Downregulated"
"SLC4A3",1.64366146298999,0.00381835788683435,TRUE,67,"hsa-let-7a-5p","Upregulated"
"MSRB3",-1.37829085148393,0.00381835788683435,TRUE,49,"hsa-let-7g-3p","Downregulated"
"PAMR1",-2.41994082439758,0.0038991077785754,TRUE,28,"hsa-miR-100-5p","Downregulated"
"SLC7A4",-3.14037027858091,0.00393080498239765,TRUE,29,"hsa-let-7a-5p","Downregulated"
"PTPN21",-1.01615198101724,0.00397485434211439,TRUE,86,"hsa-let-7a-5p","Downregulated"
"SIGLEC10",1.93146360930318,0.00397742352558991,TRUE,62,"hsa-miR-103a-3p","Upregulated"
"CCNB2",2.31016801284903,0.00398237826230382,TRUE,103,"hsa-let-7a-5p","Upregulated"
"CCNA2",2.40624643369781,0.00405213093821452,TRUE,189,"hsa-let-7a-3p","Upregulated"
"CD7",2.13166390509276,0.00411354888286985,TRUE,3,"hsa-let-7b-5p","Upregulated"
"IL1RL2",-2.57507018317771,0.00412870380095665,TRUE,13,"hsa-miR-1229-3p","Downregulated"
"SRSF5",-1.24652731235205,0.00419309184665302,TRUE,124,"hsa-let-7a-3p","Downregulated"
"CCNE1",2.73890536215615,0.00420045953296206,TRUE,107,"hsa-let-7a-5p","Upregulated"
"MAGI2",-1.61402713250053,0.00420711585669036,TRUE,170,"hsa-let-7a-5p","Downregulated"
"TIMELESS",1.38447072895343,0.00422159670968291,TRUE,161,"hsa-let-7a-5p","Upregulated"
"NMNAT3",-1.64348922850401,0.00425884767980996,TRUE,23,"hsa-let-7i-3p","Downregulated"
"CLMP",-1.62520206128873,0.00438717558118321,TRUE,119,"hsa-let-7a-3p","Downregulated"
"CSTA",-2.88401649880992,0.00445055645381523,TRUE,17,"hsa-miR-101-3p","Downregulated"
"PMEL",-2.15759390622538,0.00450667902251171,TRUE,8,"hsa-miR-124-3p","Downregulated"
"DKK3",-1.44233648724594,0.00450667902251171,TRUE,147,"hsa-let-7a-5p","Downregulated"
"CAST",-1.39730539609538,0.00453778093236775,TRUE,96,"hsa-let-7a-5p","Downregulated"
"GABBR2",5.94538247944312,0.0046002538670301,TRUE,122,"hsa-let-7a-5p","Upregulated"
"SMG5",0.959915837661947,0.0046002538670301,TRUE,168,"hsa-let-7a-5p","Upregulated"
"RHPN1",2.05485598616976,0.00462559692802969,TRUE,35,"hsa-let-7a-5p","Upregulated"
"ENTPD1",-1.24297922916112,0.00467516590002073,TRUE,126,"hsa-let-7a-5p","Downregulated"
"BAMBI",2.34105297094977,0.00474873973008753,TRUE,171,"hsa-let-7a-5p","Upregulated"
"UBE2S",1.61715700382757,0.00483969980409455,TRUE,118,"hsa-let-7a-5p","Upregulated"
"SYNE3",-1.16921308109518,0.00484618975451792,TRUE,88,"hsa-let-7a-5p","Downregulated"
"ATF3",-1.9471344718809,0.00487037579058501,TRUE,109,"hsa-let-7a-5p","Downregulated"
"B3GNT7",1.52191317536306,0.00488622345656615,TRUE,50,"hsa-let-7a-5p","Upregulated"
"RPP25",1.43036336079379,0.00497160351890015,TRUE,86,"hsa-let-7a-5p","Upregulated"
"MELK",2.45808405595723,0.0049749969655614,TRUE,160,"hsa-let-7a-5p","Upregulated"
"LCN10",-2.56954329830631,0.00502131329678825,TRUE,9,"hsa-miR-15a-5p","Downregulated"
"PAX5",3.33285342034363,0.00519603939886468,TRUE,58,"hsa-miR-124-3p","Upregulated"
"TNS2",-1.07508404717362,0.00519603939886468,TRUE,75,"hsa-let-7a-3p","Downregulated"
"CHIT1",3.40248257881935,0.00521247375642508,TRUE,1,"hsa-miR-182-5p","Upregulated"
"PGAP6",1.79873048962551,0.00521247375642508,TRUE,60,"hsa-let-7a-5p","Upregulated"
"GRIK3",-2.46940430061514,0.00521488779636658,TRUE,127,"hsa-let-7a-5p","Downregulated"
"OR2B6",7.20914043436427,0.00521545978506217,TRUE,5,"hsa-miR-17-5p","Upregulated"
"GPD1",-2.45590650457234,0.00551225790843036,TRUE,54,"hsa-let-7a-5p","Downregulated"
"CREB5",-1.85408129534175,0.00551283029825332,TRUE,124,"hsa-let-7a-3p","Downregulated"
"VWC2",-5.25248501725441,0.00551694417613235,TRUE,39,"hsa-let-7a-5p","Downregulated"
"USP18",1.85916202879831,0.00561879295428615,TRUE,28,"hsa-let-7b-5p","Upregulated"
"SNTB1",1.84417081555702,0.00561879295428615,TRUE,104,"hsa-let-7a-5p","Upregulated"
"KCNJ10",3.51449897063161,0.00567705009380742,TRUE,64,"hsa-let-7a-5p","Upregulated"
"CENPA",3.52460875104328,0.00567920279301413,TRUE,69,"hsa-let-7a-5p","Upregulated"
"ZNF541",2.95179596774304,0.00576481446440798,TRUE,3,"hsa-miR-200b-3p","Upregulated"
"SYNE1",-1.67984651733448,0.00578592869064921,TRUE,262,"hsa-let-7a-5p","Downregulated"
"B4GALNT3",1.69640059704728,0.00578650939744494,TRUE,99,"hsa-let-7a-5p","Upregulated"
"SBDS",-1.14630794531047,0.0058063140141693,TRUE,97,"hsa-let-7a-5p","Downregulated"
"DPYSL5",7.37189824960367,0.00584623274611868,TRUE,190,"hsa-let-7a-5p","Upregulated"
"FER",-1.06630661950651,0.00584623274611868,TRUE,155,"hsa-let-7a-5p","Downregulated"
"ABR",2.88781648708254,0.00588401596924932,TRUE,186,"hsa-let-7a-2-3p","Upregulated"
"DUSP1",-1.65195324207347,0.00594710471677059,TRUE,175,"hsa-let-7a-5p","Downregulated"
"PCDH17",1.86654012644354,0.0059934306008044,TRUE,185,"hsa-let-7a-5p","Upregulated"
"GFPT1",1.07792316885407,0.00603685625206969,TRUE,287,"hsa-let-7a-3p","Upregulated"
"ACKR1",-1.82218712023264,0.00609143639272101,TRUE,19,"hsa-miR-139-5p","Downregulated"
"CDH13",-1.66810331208866,0.00609143639272101,TRUE,124,"hsa-let-7a-5p","Downregulated"
"TRIB3",1.29902322704625,0.00619239503375134,TRUE,155,"hsa-let-7a-5p","Upregulated"
"FTH1",1.76938710699926,0.00619468915047697,TRUE,114,"hsa-let-7a-5p","Upregulated"
"FOSL1",-3.2393965354138,0.0062441521664844,TRUE,207,"hsa-let-7a-5p","Downregulated"
"MMRN2",-1.03692119053174,0.0062441521664844,TRUE,30,"hsa-let-7a-5p","Downregulated"
"MMP9",2.51095755834581,0.00631010362880844,TRUE,58,"hsa-let-7a-5p","Upregulated"
"PARVA",-1.21752384794554,0.0063122720721362,TRUE,116,"hsa-let-7a-5p","Downregulated"
"PALM",-1.31225426076525,0.00634723970538625,TRUE,82,"hsa-let-7a-5p","Downregulated"
"TSHZ2",-1.68914966000558,0.00636623019997245,TRUE,103,"hsa-let-7a-5p","Downregulated"
"TRPC1",-1.29595615687035,0.00637382321698998,TRUE,118,"hsa-let-7a-5p","Downregulated"
"HMGCR",-1.7764211869313,0.00641258911794378,TRUE,84,"hsa-let-7a-5p","Downregulated"
"PLN",-2.7001379050773,0.0064304418691403,TRUE,25,"hsa-let-7a-5p","Downregulated"
"QPRT",1.78300395872312,0.0064304418691403,TRUE,79,"hsa-let-7a-5p","Upregulated"
"CARHSP1",0.768303133123527,0.0064304418691403,TRUE,121,"hsa-let-7a-5p","Upregulated"
"LIMD2",1.67581337018539,0.00643625429647511,TRUE,79,"hsa-let-7a-5p","Upregulated"
"SYBU",-1.86244747809627,0.00650830989496372,TRUE,140,"hsa-let-7a-5p","Downregulated"
"POU3F1",-3.87118868496575,0.00659798177359769,TRUE,50,"hsa-miR-100-5p","Downregulated"
"POLD1",1.33063455825559,0.00660984607656502,TRUE,95,"hsa-let-7a-5p","Upregulated"
"SCN4B",-1.7490789602132,0.0066298566998317,TRUE,60,"hsa-let-7a-5p","Downregulated"
"TRPC6",-1.25282101580832,0.00668265906373983,TRUE,9,"hsa-miR-124-3p","Downregulated"
"CATSPERG",-1.39752833493437,0.0067377050862928,TRUE,9,"hsa-miR-103a-3p","Downregulated"
"IGSF9B",-2.07733353630182,0.00673864398939562,TRUE,125,"hsa-let-7a-5p","Downregulated"
"LAG3",2.01554840836514,0.00673864398939562,TRUE,11,"hsa-let-7b-5p","Upregulated"
"ACAN",1.95549515359878,0.00676226623380459,TRUE,35,"hsa-let-7a-5p","Upregulated"
"SLITRK3",-4.86227125398162,0.00678137167243259,TRUE,118,"hsa-let-7a-5p","Downregulated"
"TRIP13",2.31419664154848,0.00680610973870498,TRUE,132,"hsa-let-7a-5p","Upregulated"
"DLGAP5",3.39820025876175,0.006808263401886,TRUE,112,"hsa-let-7a-5p","Upregulated"
"CAPN11",-2.13546422993469,0.00689809776846066,TRUE,5,"hsa-miR-124-3p","Downregulated"
"ATP10B",-2.7089817174795,0.00690870746637324,TRUE,17,"hsa-miR-103a-3p","Downregulated"
"DSC3",-4.70258859215966,0.00694689342192532,TRUE,66,"hsa-let-7a-5p","Downregulated"
"PARP1",1.41745013164,0.00694689342192532,TRUE,261,"hsa-let-7a-3p","Upregulated"
"LAPTM5",1.50781975480347,0.00698385989936834,TRUE,65,"hsa-let-7a-5p","Upregulated"
"KIF1A",4.63727255464295,0.00705146302979186,TRUE,188,"hsa-let-7a-5p","Upregulated"
"ACVRL1",-1.04920102545455,0.00706536738926051,TRUE,77,"hsa-let-7a-5p","Downregulated"
"CHP2",-7.02070464023226,0.0071544103270487,TRUE,4,"hsa-miR-182-5p","Downregulated"
"GNB4",1.71782792901191,0.00717862447148116,TRUE,163,"hsa-let-7a-2-3p","Upregulated"
"SH3PXD2A",-1.23819175168472,0.00719002434147945,TRUE,299,"hsa-let-7a-5p","Downregulated"
"ARRDC3",-1.17978672411895,0.00722299014259026,TRUE,271,"hsa-let-7a-3p","Downregulated"
"MLXIPL",-2.41635689766112,0.00725642794279093,TRUE,50,"hsa-let-7a-5p","Downregulated"
"COL28A1",-1.9410536267448,0.00725835593267192,TRUE,4,"hsa-miR-1285-3p","Downregulated"
"TNFRSF9",2.37486873661713,0.00731359652143578,TRUE,28,"hsa-miR-101-3p","Upregulated"
"NCCRP1",-3.0053251948786,0.00733361663402113,TRUE,5,"hsa-miR-128-3p","Downregulated"
"DNAH11",2.24364845880687,0.00737369006261286,TRUE,47,"hsa-let-7a-5p","Upregulated"
"DLC1",-1.32721040222664,0.00740035496671244,TRUE,240,"hsa-let-7a-2-3p","Downregulated"
"EHD2",-1.30939645451892,0.00741261620872825,TRUE,165,"hsa-let-7a-5p","Downregulated"
"STRIP2",2.59341171745036,0.00742400437351414,TRUE,138,"hsa-let-7a-5p","Upregulated"
"VPS36",-1.11190726880669,0.00761075094026626,TRUE,134,"ebv-miR-BART10-3p","Downregulated"
"FGFRL1",1.41749238337117,0.00774121962882483,TRUE,102,"hsa-let-7a-5p","Upregulated"
"TMEM45A",-2.76495849295683,0.00778698372171118,TRUE,35,"hsa-let-7a-5p","Downregulated"
"SHC3",-2.1750689576991,0.00782493703844335,TRUE,103,"hsa-let-7a-5p","Downregulated"
"HOXC9",1.6593853828109,0.00782493703844335,TRUE,10,"hsa-miR-1-3p","Upregulated"
"CD8A",1.51575497779628,0.00782493703844335,TRUE,13,"hsa-let-7a-5p","Upregulated"
"NKX2-5",4.08412605782674,0.00786783045897317,TRUE,33,"hsa-let-7b-5p","Upregulated"
"DNASE1L3",-3.10390654932017,0.00788251807403179,TRUE,17,"hsa-miR-1184","Downregulated"
"GJB3",-3.04693839324587,0.00790227333570438,TRUE,60,"hsa-let-7a-5p","Downregulated"
"ABHD12B",-2.56226460031732,0.00791374043054411,TRUE,9,"hsa-let-7a-3p","Downregulated"
"CARMIL2",1.72662619415125,0.00791645566223546,TRUE,30,"hsa-let-7a-5p","Upregulated"
"STMN1",1.8244674858207,0.00793588921651174,TRUE,219,"hsa-let-7a-5p","Upregulated"
"TMEM164",-1.46376152920628,0.00793588921651174,TRUE,123,"hsa-let-7a-5p","Downregulated"
"ERBB4",-2.37369197356335,0.00798100819511249,TRUE,153,"hsa-let-7a-3p","Downregulated"
"VAV3",-1.24178722835277,0.00798100819511249,TRUE,226,"hsa-let-7a-5p","Downregulated"
"PLAU",1.77588814338558,0.00799911922279429,TRUE,142,"hsa-let-7a-3p","Upregulated"
"DOK3",1.25964804051747,0.00811441518879627,TRUE,52,"hsa-let-7a-5p","Upregulated"
"TENM2",-2.30384452119104,0.00818005278354837,TRUE,185,"hsa-let-7a-5p","Downregulated"
"CXCL17",3.06399426661186,0.008194064917774,TRUE,1,"hsa-miR-27a-3p","Upregulated"
"C1orf21",-1.62589811931503,0.00824644052610531,TRUE,124,"hsa-let-7a-5p","Downregulated"
"MKI67",2.2736542173353,0.0082524750944953,TRUE,301,"hsa-let-7a-5p","Upregulated"
"P3H4",1.51288418240943,0.00826792934364796,TRUE,139,"hsa-let-7a-5p","Upregulated"
"ARMCX4",-1.26617510702451,0.00826792934364796,TRUE,8,"hsa-let-7d-5p","Downregulated"
"GALNT13",3.23331737750202,0.0083405055505365,TRUE,84,"hsa-let-7a-5p","Upregulated"
"ORAI2",1.17092149235321,0.0083405055505365,TRUE,248,"hsa-let-7a-5p","Upregulated"
"DNASE2",1.05645606854948,0.0083405055505365,TRUE,101,"hsa-let-7a-5p","Upregulated"
"ESPL1",1.87248918382399,0.00836822819119191,TRUE,152,"hsa-let-7a-5p","Upregulated"
"TEAD1",-1.1964666729693,0.00837073810808713,TRUE,300,"hsa-let-7a-3p","Downregulated"
"PLA2G2D",3.43062011055308,0.0084300443747317,TRUE,22,"hsa-miR-107","Upregulated"
"SYNDIG1",3.28790696049731,0.00850354533176562,TRUE,42,"hsa-let-7d-5p","Upregulated"
"TPM1",-1.33997653816183,0.00855920853436903,TRUE,57,"hsa-let-7b-5p","Downregulated"
"HSD3B1",-4.70930349798392,0.00868414013969659,TRUE,9,"hsa-miR-26b-5p","Downregulated"
"CHST11",1.52433202199532,0.00868453836545059,TRUE,116,"hsa-let-7a-5p","Upregulated"
"SIGLEC8",2.57156336569087,0.00870220990205598,TRUE,17,"hsa-miR-1200","Upregulated"
"GLI3",-1.43728645703961,0.00902193813438962,TRUE,117,"hsa-let-7a-5p","Downregulated"
"SPN",1.46508163852874,0.00911945705021904,TRUE,63,"hsa-let-7a-5p","Upregulated"
"JAM2",-1.8100042602313,0.00912963886462118,TRUE,72,"hsa-let-7a-5p","Downregulated"
"CSK",0.834417366338398,0.00914942641431451,TRUE,132,"hsa-let-7a-5p","Upregulated"
"CES2",-0.959879292024873,0.00915121098986236,TRUE,115,"hsa-let-7a-5p","Downregulated"
"PLEKHG7",3.39876218053703,0.00915622213444934,TRUE,40,"hsa-miR-1323","Upregulated"
"PLPP1",-1.24466493798175,0.00915622213444934,TRUE,97,"hsa-let-7a-5p","Downregulated"
"ATP6V0E2",1.64346457133562,0.00919691995153256,TRUE,57,"hsa-let-7c-5p","Upregulated"
"DPH6",-1.53696018662262,0.00923490994714646,TRUE,40,"hsa-let-7a-3p","Downregulated"
"KCNQ5",2.89336071118807,0.00926318065867105,TRUE,160,"hsa-let-7a-3p","Upregulated"
"EBF1",-1.58256726601054,0.00926708282268346,TRUE,78,"hsa-let-7a-5p","Downregulated"
"RBMS3",-1.86331821777627,0.00932623690813189,TRUE,95,"hsa-let-7a-5p","Downregulated"
"IL16",-1.18896009159435,0.00932623690813189,TRUE,30,"hsa-let-7b-5p","Downregulated"
"ACADVL",-0.962892847209259,0.00932623690813189,TRUE,120,"hsa-let-7a-5p","Downregulated"
"DENND2C",-1.93767901416351,0.00936307197273544,TRUE,105,"hsa-let-7b-5p","Downregulated"
"CFAP65",4.55737465606893,0.00943272778866043,TRUE,33,"hsa-miR-1321","Upregulated"
"FAM107A",-2.14490350313978,0.00945511407897578,TRUE,72,"hsa-let-7b-5p","Downregulated"
"GAN",-1.37410570827182,0.00947212177634061,TRUE,333,"hsa-let-7a-3p","Downregulated"
"MUC1",2.284458251066,0.00951973444190119,TRUE,68,"hsa-let-7a-5p","Upregulated"
"CRCT1",-5.62940776604702,0.00956421055168194,TRUE,10,"hsa-miR-103a-3p","Downregulated"
"TACR2",-3.01768074642184,0.00956421055168194,TRUE,29,"hsa-let-7b-5p","Downregulated"
"CPNE7",2.03576305802507,0.00956421055168194,TRUE,54,"hsa-let-7a-5p","Upregulated"
"PDLIM4",-1.58180885181199,0.00959073560827106,TRUE,24,"hsa-miR-1-3p","Downregulated"
"OSM",2.32270467682652,0.00963516081200289,TRUE,9,"hsa-miR-106a-5p","Upregulated"
"PROS1",-1.86246881042618,0.00965555516782128,TRUE,69,"hsa-let-7a-5p","Downregulated"
"POC1A",2.09606094588348,0.00969145349627291,TRUE,96,"hsa-let-7e-5p","Upregulated"
"IGFN1",-2.3022385877411,0.00995030357956686,TRUE,31,"hsa-let-7a-5p","Downregulated"
"RASL11A",-2.20658836788797,0.00995030357956686,TRUE,33,"hsa-let-7c-5p","Downregulated"
"SPR",1.38387859105171,0.00995030357956686,TRUE,55,"hsa-let-7a-5p","Upregulated"
"PRX",-1.32610076374093,0.00996502004272699,TRUE,84,"hsa-let-7b-5p","Downregulated"
"SLC25A10",1.20978137929383,0.00996667847035029,TRUE,46,"hsa-let-7a-5p","Upregulated"
"ACCS",-1.09133952682162,0.00998093194255701,TRUE,9,"hsa-let-7b-5p","Downregulated"
